2026-08-29 21:25:13 DEBUG   app.application: Deleted rect annotation 6a5950057abe
2026-08-29 21:25:13 DEBUG   app.application: Deleted rect annotation a9af6cee005b
2026-08-29 21:25:13 DEBUG   app.application: Deleted pen annotation 83c21ca9e576
2026-08-29 21:25:13 DEBUG   app.application: Deleted rect annotation d93c4e2cccbe
2026-08-29 21:25:13 DEBUG   app.application: Deleted rect annotation fe17cf911ab2
2026-08-29 21:25:14 DEBUG   app.application: Deleted pen annotation ca0ecaba986d
2026-08-29 21:25:14 DEBUG   app.application: Deleted pen annotation 7cdf2ff10c04
2026-08-29 21:25:14 DEBUG   app.application: Deleted rect annotation d86d0288039c
2026-08-29 21:25:14 DEBUG   app.application: Deleted pen annotation bca32bb101be
2026-08-29 21:25:14 DEBUG   app.application: Deleted pen annotation 4e1f103a9bea
2026-08-29 21:25:15 DEBUG   app.application: Deleted pen annotation d7c9ada2ed06
2026-08-29 21:25:15 DEBUG   app.application: Deleted rect annotation 96949676a750
2026-08-29 21:25:15 DEBUG   app.application: Deleted arrow annotation 620515e64913
2026-08-29 21:25:25 DEBUG   app.application: Deleted pen annotation 48809b6460f1
2026-08-29 21:25:25 DEBUG   app.application: Deleted pen annotation 4c4295881392
2026-08-29 21:25:26 DEBUG   app.application: Deleted pen annotation 34feb49a191a
2026-08-29 21:25:51 DEBUG   app.application: Tool selected: pen
2026-08-29 21:25:52 DEBUG   app.pen_tool: Pen stroke committed (25 points)
2026-08-29 21:25:52 DEBUG   app.pen_tool: Pen stroke committed (10 points)
2026-08-29 21:25:53 DEBUG   app.pen_tool: Pen stroke committed (12 points)
2026-08-29 21:25:54 DEBUG   app.pen_tool: Pen stroke committed (28 points)
2026-08-29 21:25:54 DEBUG   app.pen_tool: Pen stroke committed (12 points)
2026-08-29 21:25:54 DEBUG   app.pen_tool: Pen stroke committed (7 points)
2026-08-29 21:25:55 DEBUG   app.pen_tool: Pen stroke committed (77 points)
2026-08-29 21:25:55 DEBUG   app.settings: Configuration saved to D:\screen_annotator\config.json
2026-08-29 21:25:55 DEBUG   app.settings: Configuration saved to D:\screen_annotator\config.json
2026-08-29 21:25:55 DEBUG   app.settings: Configuration saved to D:\screen_annotator\config.json
2026-08-29 21:25:55 DEBUG   app.settings: Configuration saved to D:\screen_annotator\config.json
2026-08-29 21:25:55 DEBUG   app.settings: Configuration saved to D:\screen_annotator\config.json
2026-08-29 21:25:55 DEBUG   app.settings: Configuration saved to D:\screen_annotator\config.json
2026-08-29 21:25:57 INFO    app.application: Annotation mode DEACTIVATED - clearing everything
2026-08-29 21:25:57 INFO    app.hotkeys: Annotation mode hotkeys released
2026-08-29 21:25:57 DEBUG   app.settings: Configuration saved to D:\screen_annotator\config.json
2026-08-29 21:32:52 INFO    app.settings: Configuration loaded from D:\screen_annotator\config.json
2026-08-29 21:32:52 DEBUG   app.application: Overlays built for 1 screen(s)
2026-08-29 21:32:52 INFO    app.hotkeys: Native hotkey event filter installed
2026-08-29 21:32:52 INFO    app.hotkeys: Global hotkeys registered: ['ctrl+shift+a', 'ctrl+shift+q', 'ctrl+shift+t']
2026-08-29 21:32:52 INFO    app.application: Screen Annotator v1.0.0 started (1 screen(s))
2026-08-29 21:32:52 INFO    annotator: Screen Annotator v1.0.0 ready - press Ctrl+Shift+A to annotate
2026-08-29 21:32:54 INFO    app.application: Annotation mode ACTIVATED
2026-08-29 21:32:54 DEBUG   app.windows_api: Applied NOACTIVATE style to hwnd=0x3022c
2026-08-29 21:32:54 INFO    app.hotkeys: Annotation mode hotkeys enabled
2026-08-29 21:32:54 DEBUG   app.application: Tool selected: pen
2026-08-29 21:32:59 ERROR   app.application: Hotkey 'tool_text' handler failed: 'TextTool' object has no attribute 'on_activate'
Traceback (most recent call last):
  File "D:\screen_annotator\app\application.py", line 464, in _on_hotkey
    func()
    ~~~~^^
  File "D:\screen_annotator\app\application.py", line 447, in <lambda>
    "tool_text": lambda: self.set_tool("text"),
                         ~~~~~~~~~~~~~^^^^^^^^
  File "D:\screen_annotator\app\application.py", line 291, in set_tool
    self.tools[name].on_activate()
    ^^^^^^^^^^^^^^^^^^^^^^^^^^^^
AttributeError: 'TextTool' object has no attribute 'on_activate'. Did you mean: 'on_deactivate'?
2026-08-29 21:33:02 INFO    app.windows_api: Low-level keyboard hook installed
2026-08-29 21:33:02 INFO    app.text_tool: Text input started at (784, 378)
2026-08-29 21:33:02 INFO    app.hotkeys: Annotation mode hotkeys released
2026-08-29 21:33:04 DEBUG   app.settings: Configuration saved to D:\screen_annotator\config.json
2026-08-29 21:33:04 DEBUG   app.settings: Configuration saved to D:\screen_annotator\config.json
2026-08-29 21:33:04 DEBUG   app.settings: Configuration saved to D:\screen_annotator\config.json
2026-08-29 21:33:04 DEBUG   app.settings: Configuration saved to D:\screen_annotator\config.json
2026-08-29 21:33:04 DEBUG   app.settings: Configuration saved to D:\screen_annotator\config.json
2026-08-29 21:33:04 DEBUG   app.settings: Configuration saved to D:\screen_annotator\config.json
2026-08-29 21:33:04 DEBUG   app.settings: Configuration saved to D:\screen_annotator\config.json
2026-08-29 21:33:04 DEBUG   app.settings: Configuration saved to D:\screen_annotator\config.json
2026-08-29 21:33:04 DEBUG   app.settings: Configuration saved to D:\screen_annotator\config.json
2026-08-29 21:33:05 DEBUG   app.settings: Configuration saved to D:\screen_annotator\config.json
2026-08-29 21:33:05 DEBUG   app.settings: Configuration saved to D:\screen_annotator\config.json
2026-08-29 21:33:05 DEBUG   app.settings: Configuration saved to D:\screen_annotator\config.json
2026-08-29 21:33:05 DEBUG   app.settings: Configuration saved to D:\screen_annotator\config.json
2026-08-29 21:33:05 DEBUG   app.settings: Configuration saved to D:\screen_annotator\config.json
2026-08-29 21:33:05 DEBUG   app.settings: Configuration saved to D:\screen_annotator\config.json
2026-08-29 21:33:05 DEBUG   app.settings: Configuration saved to D:\screen_annotator\config.json
2026-08-29 21:33:05 DEBUG   app.settings: Configuration saved to D:\screen_annotator\config.json
2026-08-29 21:33:05 DEBUG   app.settings: Configuration saved to D:\screen_annotator\config.json
2026-08-29 21:33:05 DEBUG   app.settings: Configuration saved to D:\screen_annotator\config.json
2026-08-29 21:33:05 DEBUG   app.settings: Configuration saved to D:\screen_annotator\config.json
2026-08-29 21:33:05 DEBUG   app.settings: Configuration saved to D:\screen_annotator\config.json
2026-08-29 21:33:06 INFO    app.windows_api: Low-level keyboard hook removed
2026-08-29 21:33:06 INFO    app.text_tool: Text input finished (committed=False)
2026-08-29 21:33:06 INFO    app.hotkeys: Annotation mode hotkeys enabled
2026-08-29 21:33:06 INFO    app.windows_api: Low-level keyboard hook installed
2026-08-29 21:33:06 INFO    app.text_tool: Text input started at (490, 147)
2026-08-29 21:33:06 INFO    app.hotkeys: Annotation mode hotkeys released
2026-08-29 21:33:13 INFO    app.windows_api: Low-level keyboard hook removed
2026-08-29 21:33:13 INFO    app.text_tool: Text input finished (committed=True)
2026-08-29 21:33:13 INFO    app.hotkeys: Annotation mode hotkeys enabled
2026-08-29 21:33:13 INFO    app.windows_api: Low-level keyboard hook installed
2026-08-29 21:33:13 INFO    app.text_tool: Text input started at (828, 367)
2026-08-29 21:33:13 INFO    app.hotkeys: Annotation mode hotkeys released
2026-08-29 21:33:14 INFO    app.windows_api: Low-level keyboard hook removed
2026-08-29 21:33:14 INFO    app.text_tool: Text input finished (committed=False)
2026-08-29 21:33:14 INFO    app.hotkeys: Annotation mode hotkeys enabled
2026-08-29 21:33:14 INFO    app.windows_api: Low-level keyboard hook installed
2026-08-29 21:33:14 INFO    app.text_tool: Text input started at (823, 431)
2026-08-29 21:33:14 INFO    app.hotkeys: Annotation mode hotkeys released
2026-08-29 21:33:14 DEBUG   app.settings: Configuration saved to D:\screen_annotator\config.json
2026-08-29 21:33:14 DEBUG   app.settings: Configuration saved to D:\screen_annotator\config.json
2026-08-29 21:33:14 DEBUG   app.settings: Configuration saved to D:\screen_annotator\config.json
2026-08-29 21:33:14 DEBUG   app.settings: Configuration saved to D:\screen_annotator\config.json
2026-08-29 21:33:14 DEBUG   app.settings: Configuration saved to D:\screen_annotator\config.json
2026-08-29 21:33:14 DEBUG   app.settings: Configuration saved to D:\screen_annotator\config.json
2026-08-29 21:33:14 DEBUG   app.settings: Configuration saved to D:\screen_annotator\config.json
2026-08-29 21:33:16 DEBUG   app.settings: Configuration saved to D:\screen_annotator\config.json
2026-08-29 21:33:16 DEBUG   app.settings: Configuration saved to D:\screen_annotator\config.json
2026-08-29 21:33:16 DEBUG   app.settings: Configuration saved to D:\screen_annotator\config.json
2026-08-29 21:33:16 DEBUG   app.settings: Configuration saved to D:\screen_annotator\config.json
2026-08-29 21:33:16 DEBUG   app.settings: Configuration saved to D:\screen_annotator\config.json
2026-08-29 21:33:16 DEBUG   app.settings: Configuration saved to D:\screen_annotator\config.json
2026-08-29 21:33:16 DEBUG   app.settings: Configuration saved to D:\screen_annotator\config.json
2026-08-29 21:33:17 INFO    app.windows_api: Low-level keyboard hook removed
2026-08-29 21:33:17 INFO    app.text_tool: Text input finished (committed=False)
2026-08-29 21:33:17 INFO    app.hotkeys: Annotation mode hotkeys enabled
2026-08-29 21:33:17 INFO    app.windows_api: Low-level keyboard hook installed
2026-08-29 21:33:17 INFO    app.text_tool: Text input started at (853, 433)
2026-08-29 21:33:17 INFO    app.hotkeys: Annotation mode hotkeys released
2026-08-29 21:33:43 INFO    app.windows_api: Low-level keyboard hook removed
2026-08-29 21:33:43 INFO    app.text_tool: Text input finished (committed=True)
2026-08-29 21:33:43 INFO    app.hotkeys: Annotation mode hotkeys enabled
2026-08-29 21:33:44 INFO    app.application: Annotation mode DEACTIVATED - clearing everything
2026-08-29 21:33:44 INFO    app.hotkeys: Annotation mode hotkeys released
2026-08-29 21:33:44 DEBUG   app.settings: Configuration saved to D:\screen_annotator\config.json
2026-08-29 21:33:48 INFO    app.application: Annotation mode ACTIVATED
2026-08-29 21:33:48 DEBUG   app.windows_api: Applied NOACTIVATE style to hwnd=0x3022c
2026-08-29 21:33:48 INFO    app.hotkeys: Annotation mode hotkeys enabled
2026-08-29 21:33:48 DEBUG   app.application: Tool selected: pen
2026-08-29 21:33:49 DEBUG   app.settings: Configuration saved to D:\screen_annotator\config.json
2026-08-29 21:33:49 DEBUG   app.windows_api: Applied NOACTIVATE style to hwnd=0xd09f2
2026-08-29 21:33:49 INFO    app.application: Toolbar visibility -> True
2026-08-29 21:33:51 DEBUG   app.settings: Configuration saved to D:\screen_annotator\config.json
2026-08-29 21:33:51 DEBUG   app.settings: Configuration saved to D:\screen_annotator\config.json
2026-08-29 21:33:51 INFO    app.application: Toolbar visibility -> False
2026-08-29 21:33:53 DEBUG   app.settings: Configuration saved to D:\screen_annotator\config.json
2026-08-29 21:33:53 DEBUG   app.windows_api: Applied NOACTIVATE style to hwnd=0xd09f2
2026-08-29 21:33:53 INFO    app.application: Toolbar visibility -> True
2026-08-29 21:33:57 DEBUG   app.pen_tool: Pen stroke committed (15 points)
2026-08-29 21:33:58 DEBUG   app.pen_tool: Pen stroke committed (26 points)
2026-08-29 21:33:59 DEBUG   app.pen_tool: Pen stroke committed (20 points)
2026-08-29 21:34:08 INFO    app.windows_api: Low-level keyboard hook installed
2026-08-29 21:34:08 INFO    app.text_tool: Text input started at (851, 391)
2026-08-29 21:34:08 INFO    app.hotkeys: Annotation mode hotkeys released
2026-08-29 21:34:13 DEBUG   app.settings: Configuration saved to D:\screen_annotator\config.json
2026-08-29 21:34:13 DEBUG   app.settings: Configuration saved to D:\screen_annotator\config.json
2026-08-29 21:34:13 DEBUG   app.settings: Configuration saved to D:\screen_annotator\config.json
2026-08-29 21:34:13 DEBUG   app.settings: Configuration saved to D:\screen_annotator\config.json
2026-08-29 21:34:13 DEBUG   app.settings: Configuration saved to D:\screen_annotator\config.json
2026-08-29 21:34:13 DEBUG   app.settings: Configuration saved to D:\screen_annotator\config.json
2026-08-29 21:34:13 DEBUG   app.settings: Configuration saved to D:\screen_annotator\config.json
2026-08-29 21:34:13 DEBUG   app.settings: Configuration saved to D:\screen_annotator\config.json
2026-08-29 21:34:16 INFO    app.windows_api: Low-level keyboard hook removed
2026-08-29 21:34:16 INFO    app.text_tool: Text input finished (committed=True)
2026-08-29 21:34:16 INFO    app.hotkeys: Annotation mode hotkeys enabled
2026-08-29 21:34:16 INFO    app.windows_api: Low-level keyboard hook installed
2026-08-29 21:34:16 INFO    app.text_tool: Text input started at (934, 338)
2026-08-29 21:34:16 INFO    app.hotkeys: Annotation mode hotkeys released
2026-08-29 21:34:20 INFO    app.windows_api: Low-level keyboard hook removed
2026-08-29 21:34:20 INFO    app.text_tool: Text input finished (committed=True)
2026-08-29 21:34:20 INFO    app.hotkeys: Annotation mode hotkeys enabled
2026-08-29 21:34:21 INFO    app.application: Annotation mode DEACTIVATED - clearing everything
2026-08-29 21:34:21 INFO    app.hotkeys: Annotation mode hotkeys released
2026-08-29 21:34:21 DEBUG   app.settings: Configuration saved to D:\screen_annotator\config.json
2026-08-29 21:41:12 INFO    app.application: Annotation mode ACTIVATED
2026-08-29 21:41:12 DEBUG   app.windows_api: Applied NOACTIVATE style to hwnd=0x3022c
2026-08-29 21:41:12 INFO    app.hotkeys: Annotation mode hotkeys enabled
2026-08-29 21:41:12 DEBUG   app.application: Tool selected: pen
2026-08-29 21:41:12 DEBUG   app.windows_api: Applied NOACTIVATE style to hwnd=0xd09f2
2026-08-29 21:41:17 INFO    app.application: Annotation mode DEACTIVATED - clearing everything
2026-08-29 21:41:17 INFO    app.hotkeys: Annotation mode hotkeys released
2026-08-29 21:41:17 DEBUG   app.settings: Configuration saved to D:\screen_annotator\config.json
2026-08-29 21:41:21 INFO    app.application: Annotation mode ACTIVATED
2026-08-29 21:41:21 DEBUG   app.windows_api: Applied NOACTIVATE style to hwnd=0x3022c
2026-08-29 21:41:21 INFO    app.hotkeys: Annotation mode hotkeys enabled
2026-08-29 21:41:21 DEBUG   app.application: Tool selected: pen
2026-08-29 21:41:21 DEBUG   app.windows_api: Applied NOACTIVATE style to hwnd=0xd09f2
2026-08-29 21:41:23 DEBUG   app.settings: Configuration saved to D:\screen_annotator\config.json
2026-08-29 21:41:23 DEBUG   app.settings: Configuration saved to D:\screen_annotator\config.json
2026-08-29 21:41:23 INFO    app.application: Toolbar visibility -> False
2026-08-29 21:41:24 DEBUG   app.settings: Configuration saved to D:\screen_annotator\config.json
2026-08-29 21:41:24 DEBUG   app.windows_api: Applied NOACTIVATE style to hwnd=0xd09f2
2026-08-29 21:41:24 INFO    app.application: Toolbar visibility -> True
2026-08-29 21:41:27 INFO    app.windows_api: Low-level keyboard hook installed
2026-08-29 21:41:27 INFO    app.text_tool: Text input started at (451, 229)
2026-08-29 21:41:27 INFO    app.hotkeys: Annotation mode hotkeys released
2026-08-29 21:41:34 INFO    app.windows_api: Low-level keyboard hook removed
2026-08-29 21:41:34 INFO    app.text_tool: Text input finished (committed=True)
2026-08-29 21:41:34 INFO    app.hotkeys: Annotation mode hotkeys enabled
2026-08-29 21:41:34 INFO    app.windows_api: Low-level keyboard hook installed
2026-08-29 21:41:34 INFO    app.text_tool: Text input started at (616, 251)
2026-08-29 21:41:34 INFO    app.hotkeys: Annotation mode hotkeys released
2026-08-29 21:41:36 INFO    app.windows_api: Low-level keyboard hook removed
2026-08-29 21:41:36 INFO    app.text_tool: Text input finished (committed=False)
2026-08-29 21:41:36 INFO    app.hotkeys: Annotation mode hotkeys enabled
2026-08-29 21:41:36 INFO    app.windows_api: Low-level keyboard hook installed
2026-08-29 21:41:36 INFO    app.text_tool: Text input started at (578, 247)
2026-08-29 21:41:36 INFO    app.hotkeys: Annotation mode hotkeys released
2026-08-29 21:41:37 INFO    app.windows_api: Low-level keyboard hook removed
2026-08-29 21:41:37 INFO    app.text_tool: Text input finished (committed=False)
2026-08-29 21:41:37 INFO    app.hotkeys: Annotation mode hotkeys enabled
2026-08-29 21:41:37 INFO    app.windows_api: Low-level keyboard hook installed
2026-08-29 21:41:37 INFO    app.text_tool: Text input started at (384, 250)
2026-08-29 21:41:37 INFO    app.hotkeys: Annotation mode hotkeys released
2026-08-29 21:41:41 INFO    app.windows_api: Low-level keyboard hook removed
2026-08-29 21:41:41 INFO    app.text_tool: Text input finished (committed=True)
2026-08-29 21:41:41 INFO    app.hotkeys: Annotation mode hotkeys enabled
2026-08-29 21:41:41 INFO    app.windows_api: Low-level keyboard hook installed
2026-08-29 21:41:41 INFO    app.text_tool: Text input started at (345, 246)
2026-08-29 21:41:41 INFO    app.hotkeys: Annotation mode hotkeys released
2026-08-29 21:41:43 INFO    app.windows_api: Low-level keyboard hook removed
2026-08-29 21:41:43 INFO    app.text_tool: Text input finished (committed=False)
2026-08-29 21:41:43 INFO    app.hotkeys: Annotation mode hotkeys enabled
2026-08-29 21:41:43 INFO    app.windows_api: Low-level keyboard hook installed
2026-08-29 21:41:43 INFO    app.text_tool: Text input started at (887, 466)
2026-08-29 21:41:43 INFO    app.hotkeys: Annotation mode hotkeys released
2026-08-29 21:41:43 DEBUG   app.settings: Configuration saved to D:\screen_annotator\config.json
2026-08-29 21:41:43 DEBUG   app.settings: Configuration saved to D:\screen_annotator\config.json
2026-08-29 21:41:43 DEBUG   app.settings: Configuration saved to D:\screen_annotator\config.json
2026-08-29 21:41:43 DEBUG   app.settings: Configuration saved to D:\screen_annotator\config.json
2026-08-29 21:41:44 DEBUG   app.settings: Configuration saved to D:\screen_annotator\config.json
2026-08-29 21:41:44 DEBUG   app.settings: Configuration saved to D:\screen_annotator\config.json
2026-08-29 21:41:44 DEBUG   app.settings: Configuration saved to D:\screen_annotator\config.json
2026-08-29 21:41:44 DEBUG   app.settings: Configuration saved to D:\screen_annotator\config.json
2026-08-29 21:41:44 DEBUG   app.settings: Configuration saved to D:\screen_annotator\config.json
2026-08-29 21:41:44 DEBUG   app.settings: Configuration saved to D:\screen_annotator\config.json
2026-08-29 21:41:44 DEBUG   app.settings: Configuration saved to D:\screen_annotator\config.json
2026-08-29 21:41:44 DEBUG   app.settings: Configuration saved to D:\screen_annotator\config.json
2026-08-29 21:41:45 DEBUG   app.settings: Configuration saved to D:\screen_annotator\config.json
2026-08-29 21:41:46 INFO    app.windows_api: Low-level keyboard hook removed
2026-08-29 21:41:46 INFO    app.text_tool: Text input finished (committed=False)
2026-08-29 21:41:46 INFO    app.hotkeys: Annotation mode hotkeys enabled
2026-08-29 21:41:46 INFO    app.windows_api: Low-level keyboard hook installed
2026-08-29 21:41:46 INFO    app.text_tool: Text input started at (703, 265)
2026-08-29 21:41:46 INFO    app.hotkeys: Annotation mode hotkeys released
2026-08-29 21:41:50 INFO    app.windows_api: Low-level keyboard hook removed
2026-08-29 21:41:50 INFO    app.text_tool: Text input finished (committed=True)
2026-08-29 21:41:50 INFO    app.hotkeys: Annotation mode hotkeys enabled
2026-08-29 21:41:52 INFO    app.application: Annotation mode DEACTIVATED - clearing everything
2026-08-29 21:41:52 INFO    app.hotkeys: Annotation mode hotkeys released
2026-08-29 21:41:52 DEBUG   app.settings: Configuration saved to D:\screen_annotator\config.json
2026-08-29 21:42:04 INFO    app.application: Annotation mode ACTIVATED
2026-08-29 21:42:04 DEBUG   app.windows_api: Applied NOACTIVATE style to hwnd=0x3022c
2026-08-29 21:42:04 INFO    app.hotkeys: Annotation mode hotkeys enabled
2026-08-29 21:42:04 DEBUG   app.application: Tool selected: pen
2026-08-29 21:42:04 DEBUG   app.windows_api: Applied NOACTIVATE style to hwnd=0xd09f2
2026-08-29 21:42:09 INFO    app.windows_api: Low-level keyboard hook installed
2026-08-29 21:42:09 INFO    app.text_tool: Text input started at (799, 389)
2026-08-29 21:42:09 INFO    app.hotkeys: Annotation mode hotkeys released
2026-08-29 21:42:22 INFO    app.windows_api: Low-level keyboard hook removed
2026-08-29 21:42:22 INFO    app.text_tool: Text input finished (committed=True)
2026-08-29 21:42:22 INFO    app.hotkeys: Annotation mode hotkeys enabled
2026-08-29 21:42:22 INFO    app.windows_api: Low-level keyboard hook installed
2026-08-29 21:42:22 INFO    app.text_tool: Text input started at (947, 485)
2026-08-29 21:42:22 INFO    app.hotkeys: Annotation mode hotkeys released
2026-08-29 21:42:22 INFO    app.windows_api: Low-level keyboard hook removed
2026-08-29 21:42:22 INFO    app.text_tool: Text input finished (committed=False)
2026-08-29 21:42:22 INFO    app.hotkeys: Annotation mode hotkeys enabled
2026-08-29 21:42:22 INFO    app.windows_api: Low-level keyboard hook installed
2026-08-29 21:42:22 INFO    app.text_tool: Text input started at (836, 485)
2026-08-29 21:42:22 INFO    app.hotkeys: Annotation mode hotkeys released
2026-08-29 21:42:33 INFO    app.windows_api: Low-level keyboard hook removed
2026-08-29 21:42:33 INFO    app.text_tool: Text input finished (committed=True)
2026-08-29 21:42:33 INFO    app.hotkeys: Annotation mode hotkeys enabled
2026-08-29 21:42:33 INFO    app.windows_api: Low-level keyboard hook installed
2026-08-29 21:42:33 INFO    app.text_tool: Text input started at (421, 445)
2026-08-29 21:42:33 INFO    app.hotkeys: Annotation mode hotkeys released
2026-08-29 21:42:34 INFO    app.windows_api: Low-level keyboard hook removed
2026-08-29 21:42:34 INFO    app.text_tool: Text input finished (committed=True)
2026-08-29 21:42:34 INFO    app.hotkeys: Annotation mode hotkeys enabled
2026-08-29 21:42:34 INFO    app.windows_api: Low-level keyboard hook installed
2026-08-29 21:42:34 INFO    app.text_tool: Text input started at (822, 411)
2026-08-29 21:42:34 INFO    app.hotkeys: Annotation mode hotkeys released
2026-08-29 21:42:35 INFO    app.windows_api: Low-level keyboard hook removed
2026-08-29 21:42:35 INFO    app.text_tool: Text input finished (committed=False)
2026-08-29 21:42:35 INFO    app.hotkeys: Annotation mode hotkeys enabled
2026-08-29 21:42:35 INFO    app.windows_api: Low-level keyboard hook installed
2026-08-29 21:42:35 INFO    app.text_tool: Text input started at (835, 378)
2026-08-29 21:42:35 INFO    app.hotkeys: Annotation mode hotkeys released
2026-08-29 21:42:35 INFO    app.windows_api: Low-level keyboard hook removed
2026-08-29 21:42:35 INFO    app.text_tool: Text input finished (committed=False)
2026-08-29 21:42:35 INFO    app.hotkeys: Annotation mode hotkeys enabled
2026-08-29 21:42:35 INFO    app.windows_api: Low-level keyboard hook installed
2026-08-29 21:42:35 INFO    app.text_tool: Text input started at (845, 343)
2026-08-29 21:42:35 INFO    app.hotkeys: Annotation mode hotkeys released
2026-08-29 21:42:39 INFO    app.windows_api: Low-level keyboard hook removed
2026-08-29 21:42:39 INFO    app.text_tool: Text input finished (committed=True)
2026-08-29 21:42:39 INFO    app.hotkeys: Annotation mode hotkeys enabled
2026-08-29 21:42:41 INFO    app.application: Annotation mode DEACTIVATED - clearing everything
2026-08-29 21:42:41 INFO    app.hotkeys: Annotation mode hotkeys released
2026-08-29 21:42:41 DEBUG   app.settings: Configuration saved to D:\screen_annotator\config.json
2026-08-29 21:44:27 INFO    app.settings: Configuration loaded from D:\screen_annotator\config.json
2026-08-29 21:44:27 DEBUG   app.application: Overlays built for 1 screen(s)
2026-08-29 21:44:27 INFO    app.hotkeys: Native hotkey event filter installed
2026-08-29 21:44:27 INFO    app.hotkeys: Global hotkeys registered: ['ctrl+shift+a', 'ctrl+shift+q', 'ctrl+shift+t']
2026-08-29 21:44:27 INFO    app.application: Screen Annotator v1.0.0 started (1 screen(s))
2026-08-29 21:44:27 INFO    annotator: Screen Annotator v1.0.0 ready - press Ctrl+Shift+A to annotate
2026-08-29 21:44:41 INFO    app.application: Annotation mode ACTIVATED
2026-08-29 21:44:41 DEBUG   app.windows_api: Applied NOACTIVATE style to hwnd=0xa09be
2026-08-29 21:44:41 INFO    app.hotkeys: Annotation mode hotkeys enabled
2026-08-29 21:44:41 DEBUG   app.application: Tool selected: pen
2026-08-29 21:44:41 DEBUG   app.windows_api: Applied NOACTIVATE style to hwnd=0xc0390
2026-08-29 21:44:43 ERROR   app.application: Hotkey 'tool_text' handler failed: 'TextTool' object has no attribute 'on_activate'
Traceback (most recent call last):
  File "D:\screen_annotator\app\application.py", line 464, in _on_hotkey
    func()
    ~~~~^^
  File "D:\screen_annotator\app\application.py", line 447, in <lambda>
    "tool_text": lambda: self.set_tool("text"),
                         ~~~~~~~~~~~~~^^^^^^^^
  File "D:\screen_annotator\app\application.py", line 291, in set_tool
    self.tools[name].on_activate()
    ^^^^^^^^^^^^^^^^^^^^^^^^^^^^
AttributeError: 'TextTool' object has no attribute 'on_activate'. Did you mean: 'on_deactivate'?
2026-08-29 21:44:44 INFO    app.windows_api: Low-level keyboard hook installed
2026-08-29 21:44:45 INFO    app.text_tool: Text input started at (747, 381)
2026-08-29 21:44:45 INFO    app.hotkeys: Annotation mode hotkeys released
2026-08-29 21:45:03 INFO    app.windows_api: Low-level keyboard hook removed
2026-08-29 21:45:03 INFO    app.text_tool: Text input finished (committed=True)
2026-08-29 21:45:03 INFO    app.hotkeys: Annotation mode hotkeys enabled
2026-08-29 21:45:03 INFO    app.windows_api: Low-level keyboard hook installed
2026-08-29 21:45:03 INFO    app.text_tool: Text input started at (174, 368)
2026-08-29 21:45:03 INFO    app.hotkeys: Annotation mode hotkeys released
2026-08-29 21:45:12 INFO    app.windows_api: Low-level keyboard hook removed
2026-08-29 21:45:12 INFO    app.text_tool: Text input finished (committed=True)
2026-08-29 21:45:12 INFO    app.hotkeys: Annotation mode hotkeys enabled
2026-08-29 21:45:12 INFO    app.windows_api: Low-level keyboard hook installed
2026-08-29 21:45:12 INFO    app.text_tool: Text input started at (1107, 587)
2026-08-29 21:45:12 INFO    app.hotkeys: Annotation mode hotkeys released
2026-08-29 21:45:18 INFO    app.windows_api: Low-level keyboard hook removed
2026-08-29 21:45:18 INFO    app.text_tool: Text input finished (committed=True)
2026-08-29 21:45:18 INFO    app.hotkeys: Annotation mode hotkeys enabled
2026-08-29 21:45:19 INFO    app.application: Annotation mode DEACTIVATED - clearing everything
2026-08-29 21:45:19 INFO    app.hotkeys: Annotation mode hotkeys released
2026-08-29 21:45:19 DEBUG   app.settings: Configuration saved to D:\screen_annotator\config.json
2026-08-29 21:51:42 INFO    app.settings: Configuration loaded from D:\screen_annotator\config.json
2026-08-29 21:51:42 DEBUG   app.application: Overlays built for 1 screen(s)
2026-08-29 21:51:42 INFO    app.hotkeys: Native hotkey event filter installed
2026-08-29 21:51:42 INFO    app.hotkeys: Global hotkeys registered: ['ctrl+shift+a', 'ctrl+shift+q', 'ctrl+shift+t']
2026-08-29 21:51:42 INFO    app.application: Screen Annotator v1.0.0 started (1 screen(s))
2026-08-29 21:51:42 INFO    annotator: Screen Annotator v1.0.0 ready - press Ctrl+Shift+A to annotate
2026-08-29 21:51:59 INFO    app.application: Annotation mode ACTIVATED
2026-08-29 21:51:59 DEBUG   app.windows_api: Applied NOACTIVATE style to hwnd=0x208e0
2026-08-29 21:51:59 INFO    app.hotkeys: Annotation mode hotkeys enabled
2026-08-29 21:51:59 DEBUG   app.application: Tool selected: pen
2026-08-29 21:51:59 DEBUG   app.windows_api: Applied NOACTIVATE style to hwnd=0x208e6
2026-08-29 21:52:01 ERROR   app.application: Hotkey 'tool_text' handler failed: 'TextTool' object has no attribute 'on_activate'
Traceback (most recent call last):
  File "D:\screen_annotator\app\application.py", line 464, in _on_hotkey
    func()
    ~~~~^^
  File "D:\screen_annotator\app\application.py", line 447, in <lambda>
    "tool_text": lambda: self.set_tool("text"),
                         ~~~~~~~~~~~~~^^^^^^^^
  File "D:\screen_annotator\app\application.py", line 291, in set_tool
    self.tools[name].on_activate()
    ^^^^^^^^^^^^^^^^^^^^^^^^^^^^
AttributeError: 'TextTool' object has no attribute 'on_activate'. Did you mean: 'on_deactivate'?
2026-08-29 21:52:04 INFO    app.windows_api: Low-level keyboard hook installed
2026-08-29 21:52:04 INFO    app.text_tool: Text input started at (167, 179)
2026-08-29 21:52:04 INFO    app.hotkeys: Annotation mode hotkeys released
2026-08-29 21:52:14 INFO    app.windows_api: Low-level keyboard hook removed
2026-08-29 21:52:14 INFO    app.text_tool: Text input finished (committed=True)
2026-08-29 21:52:14 INFO    app.hotkeys: Annotation mode hotkeys enabled
2026-08-29 21:52:14 INFO    app.windows_api: Low-level keyboard hook installed
2026-08-29 21:52:14 INFO    app.text_tool: Text input started at (312, 480)
2026-08-29 21:52:14 INFO    app.hotkeys: Annotation mode hotkeys released
2026-08-29 21:52:15 INFO    app.windows_api: Low-level keyboard hook removed
2026-08-29 21:52:15 INFO    app.text_tool: Text input finished (committed=False)
2026-08-29 21:52:15 INFO    app.hotkeys: Annotation mode hotkeys enabled
2026-08-29 21:52:15 INFO    app.windows_api: Low-level keyboard hook installed
2026-08-29 21:52:15 INFO    app.text_tool: Text input started at (305, 324)
2026-08-29 21:52:15 INFO    app.hotkeys: Annotation mode hotkeys released
2026-08-29 21:52:20 INFO    app.windows_api: Low-level keyboard hook removed
2026-08-29 21:52:20 INFO    app.text_tool: Text input finished (committed=True)
2026-08-29 21:52:20 INFO    app.hotkeys: Annotation mode hotkeys enabled
2026-08-29 21:52:20 INFO    app.windows_api: Low-level keyboard hook installed
2026-08-29 21:52:20 INFO    app.text_tool: Text input started at (560, 331)
2026-08-29 21:52:20 INFO    app.hotkeys: Annotation mode hotkeys released
2026-08-29 21:52:20 INFO    app.windows_api: Low-level keyboard hook removed
2026-08-29 21:52:20 INFO    app.text_tool: Text input finished (committed=False)
2026-08-29 21:52:20 INFO    app.hotkeys: Annotation mode hotkeys enabled
2026-08-29 21:52:20 INFO    app.windows_api: Low-level keyboard hook installed
2026-08-29 21:52:20 INFO    app.text_tool: Text input started at (681, 269)
2026-08-29 21:52:20 INFO    app.hotkeys: Annotation mode hotkeys released
2026-08-29 21:52:24 INFO    app.windows_api: Low-level keyboard hook removed
2026-08-29 21:52:24 INFO    app.text_tool: Text input finished (committed=False)
2026-08-29 21:52:24 INFO    app.hotkeys: Annotation mode hotkeys enabled
2026-08-29 21:52:26 INFO    app.application: Annotation mode DEACTIVATED - clearing everything
2026-08-29 21:52:26 INFO    app.hotkeys: Annotation mode hotkeys released
2026-08-29 21:52:26 DEBUG   app.settings: Configuration saved to D:\screen_annotator\config.json
2026-08-29 21:53:10 INFO    app.settings: Configuration loaded from D:\screen_annotator\config.json
2026-08-29 21:53:10 DEBUG   app.application: Overlays built for 1 screen(s)
2026-08-29 21:53:10 INFO    app.hotkeys: Native hotkey event filter installed
2026-08-29 21:53:10 INFO    app.hotkeys: Global hotkeys registered: ['ctrl+shift+a', 'ctrl+shift+q', 'ctrl+shift+t']
2026-08-29 21:53:10 INFO    app.application: Screen Annotator v1.0.0 started (1 screen(s))
2026-08-29 21:53:10 INFO    annotator: Screen Annotator v1.0.0 ready - press Ctrl+Shift+A to annotate
2026-08-29 21:53:14 INFO    app.application: Annotation mode ACTIVATED
2026-08-29 21:53:14 DEBUG   app.windows_api: Applied NOACTIVATE style to hwnd=0x1909f2
2026-08-29 21:53:14 INFO    app.hotkeys: Annotation mode hotkeys enabled
2026-08-29 21:53:14 DEBUG   app.application: Tool selected: pen
2026-08-29 21:53:14 DEBUG   app.windows_api: Applied NOACTIVATE style to hwnd=0x170984
2026-08-29 21:53:18 DEBUG   app.pen_tool: Pen stroke committed (3 points)
2026-08-29 21:53:20 DEBUG   app.pen_tool: Pen stroke committed (43 points)
2026-08-29 21:53:22 INFO    app.application: Cleared all annotations
2026-08-29 21:53:25 ERROR   app.application: Hotkey 'tool_text' handler failed: 'TextTool' object has no attribute 'on_activate'
Traceback (most recent call last):
  File "D:\screen_annotator\app\application.py", line 464, in _on_hotkey
    func()
    ~~~~^^
  File "D:\screen_annotator\app\application.py", line 447, in <lambda>
    "tool_text": lambda: self.set_tool("text"),
                         ~~~~~~~~~~~~~^^^^^^^^
  File "D:\screen_annotator\app\application.py", line 291, in set_tool
    self.tools[name].on_activate()
    ^^^^^^^^^^^^^^^^^^^^^^^^^^^^
AttributeError: 'TextTool' object has no attribute 'on_activate'. Did you mean: 'on_deactivate'?
2026-08-29 21:53:27 INFO    app.windows_api: Low-level keyboard hook installed
2026-08-29 21:53:27 INFO    app.text_tool: Text input started at (49, 144)
2026-08-29 21:53:27 INFO    app.hotkeys: Annotation mode hotkeys released
2026-08-29 21:53:40 INFO    app.windows_api: Low-level keyboard hook removed
2026-08-29 21:53:40 INFO    app.text_tool: Text input finished (committed=True)
2026-08-29 21:53:40 INFO    app.hotkeys: Annotation mode hotkeys enabled
2026-08-29 21:53:44 INFO    app.application: Annotation mode DEACTIVATED - clearing everything
2026-08-29 21:53:44 INFO    app.hotkeys: Annotation mode hotkeys released
2026-08-29 21:53:44 DEBUG   app.settings: Configuration saved to D:\screen_annotator\config.json
2026-08-29 21:54:31 INFO    app.settings: Configuration loaded from D:\screen_annotator\config.json
2026-08-29 21:54:31 DEBUG   app.application: Overlays built for 1 screen(s)
2026-08-29 21:54:31 INFO    app.hotkeys: Native hotkey event filter installed
2026-08-29 21:54:31 INFO    app.hotkeys: Global hotkeys registered: ['ctrl+shift+a', 'ctrl+shift+q', 'ctrl+shift+t']
2026-08-29 21:54:31 INFO    app.application: Screen Annotator v1.0.0 started (1 screen(s))
2026-08-29 21:54:31 INFO    annotator: Screen Annotator v1.0.0 ready - press Ctrl+Shift+A to annotate
2026-08-29 21:54:33 INFO    app.application: Annotation mode ACTIVATED
2026-08-29 21:54:33 DEBUG   app.windows_api: Applied NOACTIVATE style to hwnd=0x308d8
2026-08-29 21:54:33 INFO    app.hotkeys: Annotation mode hotkeys enabled
2026-08-29 21:54:33 DEBUG   app.application: Tool selected: pen
2026-08-29 21:54:33 DEBUG   app.windows_api: Applied NOACTIVATE style to hwnd=0xa073a
2026-08-29 21:54:41 DEBUG   app.pen_tool: Pen stroke committed (29 points)
2026-08-29 21:54:41 DEBUG   app.pen_tool: Pen stroke committed (8 points)
2026-08-29 21:54:41 DEBUG   app.pen_tool: Pen stroke committed (13 points)
2026-08-29 21:54:42 DEBUG   app.pen_tool: Pen stroke committed (17 points)
2026-08-29 21:54:44 DEBUG   app.pen_tool: Pen stroke committed (28 points)
2026-08-29 21:54:44 DEBUG   app.pen_tool: Pen stroke committed (13 points)
2026-08-29 21:54:45 DEBUG   app.pen_tool: Pen stroke committed (15 points)
2026-08-29 21:54:45 DEBUG   app.pen_tool: Pen stroke committed (32 points)
2026-08-29 21:54:45 DEBUG   app.pen_tool: Pen stroke committed (7 points)
2026-08-29 21:54:46 DEBUG   app.pen_tool: Pen stroke committed (7 points)
2026-08-29 21:54:46 DEBUG   app.pen_tool: Pen stroke committed (12 points)
2026-08-29 21:54:46 DEBUG   app.pen_tool: Pen stroke committed (17 points)
2026-08-29 21:54:47 INFO    app.application: Cleared all annotations
2026-08-29 21:54:58 DEBUG   app.pen_tool: Pen stroke committed (34 points)
2026-08-29 21:55:02 DEBUG   app.pen_tool: Pen stroke committed (3 points)
2026-08-29 21:55:03 DEBUG   app.pen_tool: Pen stroke committed (48 points)
2026-08-29 21:55:04 DEBUG   app.pen_tool: Pen stroke committed (55 points)
2026-08-29 21:55:06 DEBUG   app.pen_tool: Pen stroke committed (29 points)
2026-08-29 21:55:07 DEBUG   app.pen_tool: Pen stroke committed (11 points)
2026-08-29 21:55:08 ERROR   app.application: Hotkey 'tool_text' handler failed: 'TextTool' object has no attribute 'on_activate'
Traceback (most recent call last):
  File "D:\screen_annotator\app\application.py", line 464, in _on_hotkey
    func()
    ~~~~^^
  File "D:\screen_annotator\app\application.py", line 447, in <lambda>
    "tool_text": lambda: self.set_tool("text"),
                         ~~~~~~~~~~~~~^^^^^^^^
  File "D:\screen_annotator\app\application.py", line 291, in set_tool
    self.tools[name].on_activate()
    ^^^^^^^^^^^^^^^^^^^^^^^^^^^^
AttributeError: 'TextTool' object has no attribute 'on_activate'. Did you mean: 'on_deactivate'?
2026-08-29 21:55:09 INFO    app.windows_api: Low-level keyboard hook installed
2026-08-29 21:55:09 INFO    app.text_tool: Text input started at (735, 420)
2026-08-29 21:55:09 INFO    app.hotkeys: Annotation mode hotkeys released
2026-08-29 21:55:19 INFO    app.windows_api: Low-level keyboard hook removed
2026-08-29 21:55:19 INFO    app.text_tool: Text input finished (committed=True)
2026-08-29 21:55:19 INFO    app.hotkeys: Annotation mode hotkeys enabled
2026-08-29 21:55:20 INFO    app.application: Annotation mode DEACTIVATED - clearing everything
2026-08-29 21:55:20 INFO    app.hotkeys: Annotation mode hotkeys released
2026-08-29 21:55:20 DEBUG   app.settings: Configuration saved to D:\screen_annotator\config.json
2026-08-29 21:57:30 INFO    app.settings: Configuration loaded from D:\screen_annotator\config.json
2026-08-29 21:57:30 DEBUG   app.application: Overlays built for 1 screen(s)
2026-08-29 21:57:30 INFO    app.hotkeys: Native hotkey event filter installed
2026-08-29 21:57:30 INFO    app.hotkeys: Global hotkeys registered: ['ctrl+shift+a', 'ctrl+shift+q', 'ctrl+shift+t']
2026-08-29 21:57:30 INFO    app.application: Screen Annotator v1.0.0 started (1 screen(s))
2026-08-29 21:57:30 INFO    annotator: Screen Annotator v1.0.0 ready - press Ctrl+Shift+A to annotate
2026-08-29 21:57:31 INFO    app.application: Annotation mode ACTIVATED
2026-08-29 21:57:31 DEBUG   app.windows_api: Applied NOACTIVATE style to hwnd=0x309f4
2026-08-29 21:57:31 INFO    app.hotkeys: Annotation mode hotkeys enabled
2026-08-29 21:57:31 DEBUG   app.application: Tool selected: pen
2026-08-29 21:57:31 DEBUG   app.windows_api: Applied NOACTIVATE style to hwnd=0x309f6
2026-08-29 21:57:34 DEBUG   app.pen_tool: Pen stroke committed (2 points)
2026-08-29 21:57:36 DEBUG   app.pen_tool: Pen stroke committed (57 points)
2026-08-29 21:57:36 DEBUG   app.settings: Configuration saved to D:\screen_annotator\config.json
2026-08-29 21:57:36 DEBUG   app.settings: Configuration saved to D:\screen_annotator\config.json
2026-08-29 21:57:36 DEBUG   app.settings: Configuration saved to D:\screen_annotator\config.json
2026-08-29 21:57:36 DEBUG   app.settings: Configuration saved to D:\screen_annotator\config.json
2026-08-29 21:57:36 DEBUG   app.settings: Configuration saved to D:\screen_annotator\config.json
2026-08-29 21:57:36 DEBUG   app.settings: Configuration saved to D:\screen_annotator\config.json
2026-08-29 21:57:37 DEBUG   app.pen_tool: Pen stroke committed (57 points)
2026-08-29 21:57:38 INFO    app.application: Cleared all annotations
2026-08-29 21:57:40 ERROR   app.application: Hotkey 'tool_text' handler failed: 'TextTool' object has no attribute 'on_activate'
Traceback (most recent call last):
  File "D:\screen_annotator\app\application.py", line 464, in _on_hotkey
    func()
    ~~~~^^
  File "D:\screen_annotator\app\application.py", line 447, in <lambda>
    "tool_text": lambda: self.set_tool("text"),
                         ~~~~~~~~~~~~~^^^^^^^^
  File "D:\screen_annotator\app\application.py", line 291, in set_tool
    self.tools[name].on_activate()
    ^^^^^^^^^^^^^^^^^^^^^^^^^^^^
AttributeError: 'TextTool' object has no attribute 'on_activate'. Did you mean: 'on_deactivate'?
2026-08-29 21:57:40 INFO    app.windows_api: Low-level keyboard hook installed
2026-08-29 21:57:40 INFO    app.text_tool: Text input started at (674, 217)
2026-08-29 21:57:40 INFO    app.hotkeys: Annotation mode hotkeys released
2026-08-29 21:58:26 INFO    app.windows_api: Low-level keyboard hook removed
2026-08-29 21:58:26 INFO    app.text_tool: Text input finished (committed=True)
2026-08-29 21:58:26 INFO    app.hotkeys: Annotation mode hotkeys enabled
2026-08-29 21:58:26 INFO    app.windows_api: Low-level keyboard hook installed
2026-08-29 21:58:26 INFO    app.text_tool: Text input started at (699, 317)
2026-08-29 21:58:26 INFO    app.hotkeys: Annotation mode hotkeys released
2026-08-29 21:58:26 INFO    app.windows_api: Low-level keyboard hook removed
2026-08-29 21:58:26 INFO    app.text_tool: Text input finished (committed=False)
2026-08-29 21:58:26 INFO    app.hotkeys: Annotation mode hotkeys enabled
2026-08-29 21:58:26 INFO    app.windows_api: Low-level keyboard hook installed
2026-08-29 21:58:26 INFO    app.text_tool: Text input started at (725, 237)
2026-08-29 21:58:26 INFO    app.hotkeys: Annotation mode hotkeys released
2026-08-29 21:58:27 INFO    app.windows_api: Low-level keyboard hook removed
2026-08-29 21:58:27 INFO    app.text_tool: Text input finished (committed=False)
2026-08-29 21:58:27 INFO    app.hotkeys: Annotation mode hotkeys enabled
2026-08-29 21:58:27 INFO    app.windows_api: Low-level keyboard hook installed
2026-08-29 21:58:27 INFO    app.text_tool: Text input started at (833, 252)
2026-08-29 21:58:27 INFO    app.hotkeys: Annotation mode hotkeys released
2026-08-29 21:58:27 INFO    app.windows_api: Low-level keyboard hook removed
2026-08-29 21:58:27 INFO    app.text_tool: Text input finished (committed=False)
2026-08-29 21:58:27 INFO    app.hotkeys: Annotation mode hotkeys enabled
2026-08-29 21:58:27 INFO    app.windows_api: Low-level keyboard hook installed
2026-08-29 21:58:27 INFO    app.text_tool: Text input started at (918, 230)
2026-08-29 21:58:27 INFO    app.hotkeys: Annotation mode hotkeys released
2026-08-29 21:58:32 INFO    app.windows_api: Low-level keyboard hook removed
2026-08-29 21:58:32 INFO    app.text_tool: Text input finished (committed=True)
2026-08-29 21:58:32 INFO    app.hotkeys: Annotation mode hotkeys enabled
2026-08-29 21:58:33 INFO    app.application: Annotation mode DEACTIVATED - clearing everything
2026-08-29 21:58:33 INFO    app.hotkeys: Annotation mode hotkeys released
2026-08-29 21:58:33 DEBUG   app.settings: Configuration saved to D:\screen_annotator\config.json
2026-08-29 22:02:09 INFO    app.settings: Configuration loaded from D:\screen_annotator\config.json
2026-08-29 22:02:09 DEBUG   app.application: Overlays built for 1 screen(s)
2026-08-29 22:02:09 INFO    app.hotkeys: Native hotkey event filter installed
2026-08-29 22:02:09 INFO    app.hotkeys: Global hotkeys registered: ['ctrl+shift+a', 'ctrl+shift+q', 'ctrl+shift+t']
2026-08-29 22:02:09 INFO    app.application: Screen Annotator v1.0.0 started (1 screen(s))
2026-08-29 22:02:09 INFO    annotator: Screen Annotator v1.0.0 ready - press Ctrl+Shift+A to annotate
2026-08-29 22:02:11 INFO    app.application: Annotation mode ACTIVATED
2026-08-29 22:02:11 DEBUG   app.windows_api: Applied NOACTIVATE style to hwnd=0xd095a
2026-08-29 22:02:11 INFO    app.hotkeys: Annotation mode hotkeys enabled
2026-08-29 22:02:11 DEBUG   app.application: Tool selected: pen
2026-08-29 22:02:11 DEBUG   app.windows_api: Applied NOACTIVATE style to hwnd=0x1a0984
2026-08-29 22:02:15 DEBUG   app.pen_tool: Pen stroke committed (2 points)
2026-08-29 22:02:16 DEBUG   app.pen_tool: Pen stroke committed (6 points)
2026-08-29 22:02:17 DEBUG   app.pen_tool: Pen stroke committed (39 points)
2026-08-29 22:02:17 DEBUG   app.pen_tool: Pen stroke committed (9 points)
2026-08-29 22:02:18 DEBUG   app.pen_tool: Pen stroke committed (48 points)
2026-08-29 22:02:18 DEBUG   app.pen_tool: Pen stroke committed (5 points)
2026-08-29 22:02:18 DEBUG   app.pen_tool: Pen stroke committed (33 points)
2026-08-29 22:02:19 INFO    app.application: Cleared all annotations
2026-08-29 22:02:20 ERROR   app.application: Hotkey 'tool_text' handler failed: 'TextTool' object has no attribute 'on_activate'
Traceback (most recent call last):
  File "D:\screen_annotator\app\application.py", line 464, in _on_hotkey
    func()
    ~~~~^^
  File "D:\screen_annotator\app\application.py", line 447, in <lambda>
    "tool_text": lambda: self.set_tool("text"),
                         ~~~~~~~~~~~~~^^^^^^^^
  File "D:\screen_annotator\app\application.py", line 291, in set_tool
    self.tools[name].on_activate()
    ^^^^^^^^^^^^^^^^^^^^^^^^^^^^
AttributeError: 'TextTool' object has no attribute 'on_activate'. Did you mean: 'on_deactivate'?
2026-08-29 22:02:20 INFO    app.windows_api: Low-level keyboard hook installed
2026-08-29 22:02:20 INFO    app.text_tool: Text input started at (701, 169)
2026-08-29 22:02:20 INFO    app.hotkeys: Annotation mode hotkeys released
2026-08-29 22:03:04 INFO    app.windows_api: Low-level keyboard hook removed
2026-08-29 22:03:04 INFO    app.text_tool: Text input finished (committed=True)
2026-08-29 22:03:04 INFO    app.hotkeys: Annotation mode hotkeys enabled
2026-08-29 22:03:04 INFO    app.windows_api: Low-level keyboard hook installed
2026-08-29 22:03:04 INFO    app.text_tool: Text input started at (687, 399)
2026-08-29 22:03:04 INFO    app.hotkeys: Annotation mode hotkeys released
2026-08-29 22:03:19 INFO    app.windows_api: Low-level keyboard hook removed
2026-08-29 22:03:19 INFO    app.text_tool: Text input finished (committed=True)
2026-08-29 22:03:19 INFO    app.hotkeys: Annotation mode hotkeys enabled
2026-08-29 22:03:19 INFO    app.application: Cleared all annotations
2026-08-29 22:03:22 INFO    app.windows_api: Low-level keyboard hook installed
2026-08-29 22:03:22 INFO    app.text_tool: Text input started at (767, 262)
2026-08-29 22:03:22 INFO    app.hotkeys: Annotation mode hotkeys released
2026-08-29 22:03:24 INFO    app.windows_api: Low-level keyboard hook removed
2026-08-29 22:03:24 INFO    app.text_tool: Text input finished (committed=False)
2026-08-29 22:03:24 INFO    app.hotkeys: Annotation mode hotkeys enabled
2026-08-29 22:03:25 DEBUG   app.application: Tool selected: pen
2026-08-29 22:03:26 DEBUG   app.pen_tool: Pen stroke committed (24 points)
2026-08-29 22:03:26 DEBUG   app.pen_tool: Pen stroke committed (3 points)
2026-08-29 22:03:26 DEBUG   app.pen_tool: Pen stroke committed (8 points)
2026-08-29 22:03:27 DEBUG   app.pen_tool: Pen stroke committed (11 points)
2026-08-29 22:03:27 DEBUG   app.pen_tool: Pen stroke committed (20 points)
2026-08-29 22:03:29 DEBUG   app.pen_tool: Pen stroke committed (1 points)
2026-08-29 22:03:31 INFO    app.application: Cleared all annotations
2026-08-29 22:03:36 INFO    app.application: Annotation mode DEACTIVATED - clearing everything
2026-08-29 22:03:36 INFO    app.hotkeys: Annotation mode hotkeys released
2026-08-29 22:03:36 DEBUG   app.settings: Configuration saved to D:\screen_annotator\config.json
2026-08-29 22:45:42 INFO    app.settings: Configuration loaded from D:\screen_annotator\config.json
2026-08-29 22:45:42 DEBUG   app.application: Overlays built for 1 screen(s)
2026-08-29 22:45:42 INFO    app.hotkeys: Native hotkey event filter installed
2026-08-29 22:45:42 INFO    app.hotkeys: Global hotkeys registered: ['ctrl+shift+a', 'ctrl+shift+q', 'ctrl+shift+t']
2026-08-29 22:45:42 INFO    app.application: Screen Annotator v1.0.0 started (1 screen(s))
2026-08-29 22:45:42 INFO    annotator: Screen Annotator v1.0.0 ready - press Ctrl+Shift+A to annotate
2026-08-29 22:45:43 INFO    app.application: Annotation mode ACTIVATED
2026-08-29 22:45:43 DEBUG   app.windows_api: Applied NOACTIVATE style to hwnd=0x110222
2026-08-29 22:45:43 INFO    app.hotkeys: Annotation mode hotkeys enabled
2026-08-29 22:45:43 DEBUG   app.application: Tool selected: pen
2026-08-29 22:45:43 DEBUG   app.windows_api: Applied NOACTIVATE style to hwnd=0x70bce
2026-08-29 22:45:51 DEBUG   app.settings: Configuration saved to D:\screen_annotator\config.json
2026-08-29 22:45:51 DEBUG   app.settings: Configuration saved to D:\screen_annotator\config.json
2026-08-29 22:45:51 DEBUG   app.settings: Configuration saved to D:\screen_annotator\config.json
2026-08-29 22:45:51 DEBUG   app.settings: Configuration saved to D:\screen_annotator\config.json
2026-08-29 22:45:51 DEBUG   app.settings: Configuration saved to D:\screen_annotator\config.json
2026-08-29 22:45:52 DEBUG   app.settings: Configuration saved to D:\screen_annotator\config.json
2026-08-29 22:45:52 DEBUG   app.settings: Configuration saved to D:\screen_annotator\config.json
2026-08-29 22:45:52 DEBUG   app.settings: Configuration saved to D:\screen_annotator\config.json
2026-08-29 22:45:52 DEBUG   app.settings: Configuration saved to D:\screen_annotator\config.json
2026-08-29 22:45:52 DEBUG   app.settings: Configuration saved to D:\screen_annotator\config.json
2026-08-29 22:45:53 DEBUG   app.pen_tool: Pen stroke committed (1 points)
2026-08-29 22:45:54 DEBUG   app.pen_tool: Pen stroke committed (7 points)
2026-08-29 22:45:54 DEBUG   app.pen_tool: Pen stroke committed (14 points)
2026-08-29 22:45:55 INFO    app.application: Cleared all annotations
2026-08-29 22:45:56 DEBUG   app.application: Tool selected: speech
2026-08-29 22:45:57 INFO    app.speech_tool: Speech recognition: Adjusting for ambient noise...
2026-08-29 22:45:58 INFO    app.speech_tool: Speech recognition: Listening...
2026-08-29 22:46:01 INFO    app.speech_tool: Speech recognition: Processing...
2026-08-29 22:46:03 INFO    app.speech_tool: Speech session finished successfully
2026-08-29 22:46:06 DEBUG   app.settings: Configuration saved to D:\screen_annotator\config.json
2026-08-29 22:46:06 DEBUG   app.settings: Configuration saved to D:\screen_annotator\config.json
2026-08-29 22:46:06 DEBUG   app.settings: Configuration saved to D:\screen_annotator\config.json
2026-08-29 22:46:06 DEBUG   app.settings: Configuration saved to D:\screen_annotator\config.json
2026-08-29 22:46:09 INFO    app.speech_tool: Speech recognition: Adjusting for ambient noise...
2026-08-29 22:46:10 INFO    app.speech_tool: Speech recognition: Listening...
2026-08-29 22:46:10 INFO    app.speech_tool: Speech session cancelled
2026-08-29 22:46:10 INFO    app.speech_tool: Speech recognition: Adjusting for ambient noise...
2026-08-29 22:46:11 INFO    app.speech_tool: Speech recognition: Listening...
2026-08-29 22:46:11 DEBUG   app.settings: Configuration saved to D:\screen_annotator\config.json
2026-08-29 22:46:11 DEBUG   app.settings: Configuration saved to D:\screen_annotator\config.json
2026-08-29 22:46:13 INFO    app.speech_tool: Speech session cancelled
2026-08-29 22:46:13 INFO    app.speech_tool: Speech recognition: Adjusting for ambient noise...
2026-08-29 22:46:14 INFO    app.speech_tool: Speech recognition: Listening...
2026-08-29 22:46:14 INFO    app.speech_tool: Speech session cancelled
2026-08-29 22:46:15 INFO    app.speech_tool: Speech recognition: Adjusting for ambient noise...
2026-08-29 22:46:15 INFO    app.speech_tool: Speech recognition: Listening...
2026-08-29 22:46:15 INFO    app.speech_tool: Speech session cancelled
2026-08-29 22:46:17 INFO    app.speech_tool: Speech recognition: Adjusting for ambient noise...
2026-08-29 22:46:17 INFO    app.speech_tool: Speech recognition: Listening...
2026-08-29 22:46:21 INFO    app.speech_tool: Speech recognition: Processing...
2026-08-29 22:46:22 INFO    app.speech_tool: Speech session finished successfully
2026-08-29 22:46:33 INFO    app.speech_tool: Speech recognition: Adjusting for ambient noise...
2026-08-29 22:46:34 INFO    app.speech_tool: Speech recognition: Listening...
2026-08-29 22:46:34 INFO    app.speech_tool: Speech session cancelled
2026-08-29 22:46:35 INFO    app.speech_tool: Speech recognition: Adjusting for ambient noise...
2026-08-29 22:46:35 INFO    app.speech_tool: Speech session cancelled
2026-08-29 22:46:35 INFO    app.speech_tool: Speech recognition: Adjusting for ambient noise...
2026-08-29 22:46:36 INFO    app.speech_tool: Speech recognition: Listening...
2026-08-29 22:46:36 INFO    app.speech_tool: Speech session cancelled
2026-08-29 22:46:37 INFO    app.speech_tool: Speech recognition: Adjusting for ambient noise...
2026-08-29 22:46:37 INFO    app.speech_tool: Speech session cancelled
2026-08-29 22:46:37 INFO    app.speech_tool: Speech recognition: Adjusting for ambient noise...
2026-08-29 22:46:38 INFO    app.speech_tool: Speech session cancelled
2026-08-29 22:46:38 INFO    app.speech_tool: Speech recognition: Adjusting for ambient noise...
2026-08-29 22:46:39 INFO    app.speech_tool: Speech recognition: Listening...
2026-08-29 22:46:39 INFO    app.speech_tool: Speech session cancelled
2026-08-29 22:46:39 INFO    app.speech_tool: Speech recognition: Adjusting for ambient noise...
2026-08-29 22:46:40 INFO    app.speech_tool: Speech recognition: Listening...
2026-08-29 22:46:42 INFO    app.speech_tool: Speech session cancelled
2026-08-29 22:46:44 DEBUG   app.settings: Configuration saved to D:\screen_annotator\config.json
2026-08-29 22:46:44 DEBUG   app.settings: Configuration saved to D:\screen_annotator\config.json
2026-08-29 22:46:44 INFO    app.application: Toolbar visibility -> False
2026-08-29 22:46:46 DEBUG   app.settings: Configuration saved to D:\screen_annotator\config.json
2026-08-29 22:46:46 DEBUG   app.windows_api: Applied NOACTIVATE style to hwnd=0x70bce
2026-08-29 22:46:46 INFO    app.application: Toolbar visibility -> True
2026-08-29 22:46:50 INFO    app.speech_tool: Speech recognition: Adjusting for ambient noise...
2026-08-29 22:46:51 INFO    app.speech_tool: Speech recognition: Listening...
2026-08-29 22:46:53 INFO    app.speech_tool: Speech recognition: Processing...
2026-08-29 22:46:54 INFO    app.speech_tool: Speech session finished successfully
2026-08-29 22:46:56 INFO    app.speech_tool: Speech recognition: Adjusting for ambient noise...
2026-08-29 22:46:57 INFO    app.speech_tool: Speech recognition: Listening...
2026-08-29 22:46:58 INFO    app.speech_tool: Speech session cancelled
2026-08-29 22:46:59 INFO    app.speech_tool: Speech recognition: Adjusting for ambient noise...
2026-08-29 22:46:59 INFO    app.speech_tool: Speech session cancelled
2026-08-29 22:46:59 INFO    app.speech_tool: Speech recognition: Adjusting for ambient noise...
2026-08-29 22:46:59 INFO    app.speech_tool: Speech session cancelled
2026-08-29 22:47:00 INFO    app.speech_tool: Speech recognition: Adjusting for ambient noise...
2026-08-29 22:47:00 INFO    app.speech_tool: Speech session cancelled
2026-08-29 22:47:00 INFO    app.speech_tool: Speech recognition: Adjusting for ambient noise...
2026-08-29 22:47:01 DEBUG   app.settings: Configuration saved to D:\screen_annotator\config.json
2026-08-29 22:47:01 DEBUG   app.settings: Configuration saved to D:\screen_annotator\config.json
2026-08-29 22:47:01 DEBUG   app.settings: Configuration saved to D:\screen_annotator\config.json
2026-08-29 22:47:01 DEBUG   app.settings: Configuration saved to D:\screen_annotator\config.json
2026-08-29 22:47:01 DEBUG   app.settings: Configuration saved to D:\screen_annotator\config.json
2026-08-29 22:47:01 INFO    app.speech_tool: Speech recognition: Listening...
2026-08-29 22:47:01 DEBUG   app.settings: Configuration saved to D:\screen_annotator\config.json
2026-08-29 22:47:03 INFO    app.application: Annotation mode DEACTIVATED - clearing everything
2026-08-29 22:47:03 INFO    app.hotkeys: Annotation mode hotkeys released
2026-08-29 22:47:03 INFO    app.speech_tool: Speech session cancelled
2026-08-29 22:47:03 DEBUG   app.settings: Configuration saved to D:\screen_annotator\config.json
2026-08-29 22:54:23 INFO    app.settings: Configuration loaded from D:\screen_annotator\config.json
2026-08-29 22:54:23 DEBUG   app.application: Overlays built for 1 screen(s)
2026-08-29 22:54:23 INFO    app.hotkeys: Native hotkey event filter installed
2026-08-29 22:54:23 INFO    app.hotkeys: Global hotkeys registered: ['ctrl+shift+a', 'ctrl+shift+q', 'ctrl+shift+t']
2026-08-29 22:54:23 INFO    app.application: Screen Annotator v1.0.0 started (1 screen(s))
2026-08-29 22:54:23 INFO    annotator: Screen Annotator v1.0.0 ready - press Ctrl+Shift+A to annotate
2026-08-29 22:54:25 INFO    app.application: Annotation mode ACTIVATED
2026-08-29 22:54:25 DEBUG   app.windows_api: Applied NOACTIVATE style to hwnd=0x110b54
2026-08-29 22:54:25 INFO    app.hotkeys: Annotation mode hotkeys enabled
2026-08-29 22:54:25 DEBUG   app.application: Tool selected: pen
2026-08-29 22:54:25 DEBUG   app.windows_api: Applied NOACTIVATE style to hwnd=0x2e05ce
2026-08-29 22:54:30 DEBUG   app.application: Tool selected: speech
2026-08-29 22:54:40 INFO    app.speech_tool: Loading Vosk model (will download if missing)...
2026-08-29 22:54:40 DEBUG   urllib3.connectionpool: Starting new HTTPS connection (1): alphacephei.com:443
2026-08-29 22:54:50 ERROR   app.speech_tool: Speech recognition stream failed
Traceback (most recent call last):
  File "C:\Users\SADA SAICHARAN\anaconda3\Lib\site-packages\urllib3\connectionpool.py", line 464, in _make_request
    self._validate_conn(conn)
    ~~~~~~~~~~~~~~~~~~~^^^^^^
  File "C:\Users\SADA SAICHARAN\anaconda3\Lib\site-packages\urllib3\connectionpool.py", line 1106, in _validate_conn
    conn.connect()
    ~~~~~~~~~~~~^^
  File "C:\Users\SADA SAICHARAN\anaconda3\Lib\site-packages\urllib3\connection.py", line 796, in connect
    sock_and_verified = _ssl_wrap_socket_and_match_hostname(
        sock=sock,
    ...<14 lines>...
        assert_fingerprint=self.assert_fingerprint,
    )
  File "C:\Users\SADA SAICHARAN\anaconda3\Lib\site-packages\urllib3\connection.py", line 975, in _ssl_wrap_socket_and_match_hostname
    ssl_sock = ssl_wrap_socket(
        sock=sock,
    ...<8 lines>...
        tls_in_tls=tls_in_tls,
    )
  File "C:\Users\SADA SAICHARAN\anaconda3\Lib\site-packages\urllib3\util\ssl_.py", line 433, in ssl_wrap_socket
    ssl_sock = _ssl_wrap_socket_impl(sock, context, tls_in_tls, server_hostname)
  File "C:\Users\SADA SAICHARAN\anaconda3\Lib\site-packages\urllib3\util\ssl_.py", line 477, in _ssl_wrap_socket_impl
    return ssl_context.wrap_socket(sock, server_hostname=server_hostname)
           ~~~~~~~~~~~~~~~~~~~~~~~^^^^^^^^^^^^^^^^^^^^^^^^^^^^^^^^^^^^^^^
  File "C:\Users\SADA SAICHARAN\anaconda3\Lib\ssl.py", line 455, in wrap_socket
    return self.sslsocket_class._create(
           ~~~~~~~~~~~~~~~~~~~~~~~~~~~~^
        sock=sock,
        ^^^^^^^^^^
    ...<5 lines>...
        session=session
        ^^^^^^^^^^^^^^^
    )
    ^
  File "C:\Users\SADA SAICHARAN\anaconda3\Lib\ssl.py", line 1076, in _create
    self.do_handshake()
    ~~~~~~~~~~~~~~~~~^^
  File "C:\Users\SADA SAICHARAN\anaconda3\Lib\ssl.py", line 1372, in do_handshake
    self._sslobj.do_handshake()
    ~~~~~~~~~~~~~~~~~~~~~~~~~^^
TimeoutError: _ssl.c:1015: The handshake operation timed out

The above exception was the direct cause of the following exception:

Traceback (most recent call last):
  File "C:\Users\SADA SAICHARAN\anaconda3\Lib\site-packages\requests\adapters.py", line 696, in send
    resp = conn.urlopen(
        method=request.method,
    ...<9 lines>...
        chunked=chunked,
    )
  File "C:\Users\SADA SAICHARAN\anaconda3\Lib\site-packages\urllib3\connectionpool.py", line 842, in urlopen
    retries = retries.increment(
        method, url, error=new_e, _pool=self, _stacktrace=sys.exc_info()[2]
    )
  File "C:\Users\SADA SAICHARAN\anaconda3\Lib\site-packages\urllib3\util\retry.py", line 498, in increment
    raise reraise(type(error), error, _stacktrace)
          ~~~~~~~^^^^^^^^^^^^^^^^^^^^^^^^^^^^^^^^^
  File "C:\Users\SADA SAICHARAN\anaconda3\Lib\site-packages\urllib3\util\util.py", line 39, in reraise
    raise value
  File "C:\Users\SADA SAICHARAN\anaconda3\Lib\site-packages\urllib3\connectionpool.py", line 788, in urlopen
    response = self._make_request(
        conn,
    ...<10 lines>...
        **response_kw,
    )
  File "C:\Users\SADA SAICHARAN\anaconda3\Lib\site-packages\urllib3\connectionpool.py", line 488, in _make_request
    raise new_e
  File "C:\Users\SADA SAICHARAN\anaconda3\Lib\site-packages\urllib3\connectionpool.py", line 466, in _make_request
    self._raise_timeout(err=e, url=url, timeout_value=conn.timeout)
    ~~~~~~~~~~~~~~~~~~~^^^^^^^^^^^^^^^^^^^^^^^^^^^^^^^^^^^^^^^^^^^^
  File "C:\Users\SADA SAICHARAN\anaconda3\Lib\site-packages\urllib3\connectionpool.py", line 367, in _raise_timeout
    raise ReadTimeoutError(
        self, url, f"Read timed out. (read timeout={timeout_value})"
    ) from err
urllib3.exceptions.ReadTimeoutError: HTTPSConnectionPool(host='alphacephei.com', port=443): Read timed out. (read timeout=10)

During handling of the above exception, another exception occurred:

Traceback (most recent call last):
  File "D:\screen_annotator\app\speech_tool.py", line 44, in run
    model = get_vosk_model()
  File "D:\screen_annotator\app\speech_tool.py", line 28, in get_vosk_model
    _vosk_model = Model(model_name="vosk-model-small-en-us-0.15")
  File "C:\Users\SADA SAICHARAN\anaconda3\Lib\site-packages\vosk\__init__.py", line 54, in __init__
    model_path = self.get_model_path(model_name, lang)
  File "C:\Users\SADA SAICHARAN\anaconda3\Lib\site-packages\vosk\__init__.py", line 69, in get_model_path
    model_path = self.get_model_by_name(model_name)
  File "C:\Users\SADA SAICHARAN\anaconda3\Lib\site-packages\vosk\__init__.py", line 80, in get_model_by_name
    response = requests.get(MODEL_LIST_URL, timeout=10)
  File "C:\Users\SADA SAICHARAN\anaconda3\Lib\site-packages\requests\api.py", line 87, in get
    return request("get", url, params=params, **kwargs)
  File "C:\Users\SADA SAICHARAN\anaconda3\Lib\site-packages\requests\api.py", line 71, in request
    return session.request(method=method, url=url, **kwargs)
           ~~~~~~~~~~~~~~~^^^^^^^^^^^^^^^^^^^^^^^^^^^^^^^^^^
  File "C:\Users\SADA SAICHARAN\anaconda3\Lib\site-packages\requests\sessions.py", line 651, in request
    resp = self.send(prep, **send_kwargs)
  File "C:\Users\SADA SAICHARAN\anaconda3\Lib\site-packages\requests\sessions.py", line 784, in send
    r = adapter.send(request, **kwargs)
  File "C:\Users\SADA SAICHARAN\anaconda3\Lib\site-packages\requests\adapters.py", line 742, in send
    raise ReadTimeout(e, request=request)
requests.exceptions.ReadTimeout: HTTPSConnectionPool(host='alphacephei.com', port=443): Read timed out. (read timeout=10)
2026-08-29 22:54:50 INFO    app.speech_tool: Speech session discarded (no speech)
2026-08-29 22:54:50 INFO    app.speech_tool: Loading Vosk model (will download if missing)...
2026-08-29 22:54:50 DEBUG   urllib3.connectionpool: Starting new HTTPS connection (1): alphacephei.com:443
2026-08-29 22:54:53 INFO    app.application: Annotation mode DEACTIVATED - clearing everything
2026-08-29 22:54:53 INFO    app.hotkeys: Annotation mode hotkeys released
2026-08-29 22:54:53 INFO    app.speech_tool: Speech session cancelled
2026-08-29 22:54:53 DEBUG   app.settings: Configuration saved to D:\screen_annotator\config.json
2026-08-29 22:55:01 DEBUG   urllib3.connectionpool: https://alphacephei.com:443 "GET /vosk/models/model-list.json HTTP/1.1" 200 None
2026-08-29 22:55:55 INFO    app.speech_tool: Speech recognition started listening...
2026-08-29 22:56:11 INFO    app.settings: Configuration loaded from D:\screen_annotator\config.json
2026-08-29 22:56:11 DEBUG   app.application: Overlays built for 1 screen(s)
2026-08-29 22:56:11 INFO    app.hotkeys: Native hotkey event filter installed
2026-08-29 22:56:11 INFO    app.hotkeys: Global hotkeys registered: ['ctrl+shift+a', 'ctrl+shift+q', 'ctrl+shift+t']
2026-08-29 22:56:11 INFO    app.application: Screen Annotator v1.0.0 started (1 screen(s))
2026-08-29 22:56:11 INFO    annotator: Screen Annotator v1.0.0 ready - press Ctrl+Shift+A to annotate
2026-08-29 22:56:13 INFO    app.application: Annotation mode ACTIVATED
2026-08-29 22:56:13 DEBUG   app.windows_api: Applied NOACTIVATE style to hwnd=0xb09cc
2026-08-29 22:56:13 INFO    app.hotkeys: Annotation mode hotkeys enabled
2026-08-29 22:56:13 DEBUG   app.application: Tool selected: pen
2026-08-29 22:56:13 DEBUG   app.windows_api: Applied NOACTIVATE style to hwnd=0x110b70
2026-08-29 22:56:16 DEBUG   app.application: Tool selected: speech
2026-08-29 22:56:17 INFO    app.speech_tool: Loading Vosk model (will download if missing)...
2026-08-29 22:56:17 INFO    app.speech_tool: Speech recognition started listening...
2026-08-29 22:56:31 INFO    app.speech_tool: Speech session finished successfully
2026-08-29 22:56:32 INFO    app.speech_tool: Speech recognition started listening...
2026-08-29 22:57:08 DEBUG   app.settings: Configuration saved to D:\screen_annotator\config.json
2026-08-29 22:57:09 INFO    app.speech_tool: Speech session finished successfully
2026-08-29 22:57:10 INFO    app.speech_tool: Speech recognition started listening...
2026-08-29 22:57:25 INFO    app.speech_tool: Speech session finished successfully
2026-08-29 22:57:28 INFO    app.application: Annotation mode DEACTIVATED - clearing everything
2026-08-29 22:57:28 INFO    app.hotkeys: Annotation mode hotkeys released
2026-08-29 22:57:28 DEBUG   app.settings: Configuration saved to D:\screen_annotator\config.json
2026-08-29 23:00:05 INFO    app.application: Annotation mode ACTIVATED
2026-08-29 23:00:05 DEBUG   app.windows_api: Applied NOACTIVATE style to hwnd=0xb09cc
2026-08-29 23:00:05 INFO    app.hotkeys: Annotation mode hotkeys enabled
2026-08-29 23:00:05 DEBUG   app.application: Tool selected: pen
2026-08-29 23:00:05 DEBUG   app.windows_api: Applied NOACTIVATE style to hwnd=0x110b70
2026-08-29 23:00:09 DEBUG   app.application: Tool selected: speech
2026-08-29 23:00:10 INFO    app.speech_tool: Speech recognition started listening...
2026-08-29 23:00:32 INFO    app.speech_tool: Speech session finished successfully
2026-08-29 23:00:34 INFO    app.speech_tool: Speech recognition started listening...
2026-08-29 23:00:34 INFO    app.speech_tool: Speech session discarded (no speech)
2026-08-29 23:00:35 INFO    app.speech_tool: Speech recognition started listening...
2026-08-29 23:00:36 INFO    app.speech_tool: Speech session discarded (no speech)
2026-08-29 23:00:36 INFO    app.speech_tool: Speech recognition started listening...
2026-08-29 23:00:38 INFO    app.speech_tool: Speech session discarded (no speech)
2026-08-29 23:00:38 INFO    app.speech_tool: Speech recognition started listening...
2026-08-29 23:00:41 DEBUG   app.settings: Configuration saved to D:\screen_annotator\config.json
2026-08-29 23:00:41 DEBUG   app.settings: Configuration saved to D:\screen_annotator\config.json
2026-08-29 23:00:41 DEBUG   app.settings: Configuration saved to D:\screen_annotator\config.json
2026-08-29 23:00:41 DEBUG   app.settings: Configuration saved to D:\screen_annotator\config.json
2026-08-29 23:00:41 DEBUG   app.settings: Configuration saved to D:\screen_annotator\config.json
2026-08-29 23:00:56 INFO    app.application: Annotation mode DEACTIVATED - clearing everything
2026-08-29 23:00:56 INFO    app.hotkeys: Annotation mode hotkeys released
2026-08-29 23:00:56 INFO    app.speech_tool: Speech session cancelled
2026-08-29 23:00:56 DEBUG   app.settings: Configuration saved to D:\screen_annotator\config.json
2026-08-29 23:04:42 INFO    app.settings: Configuration loaded from D:\screen_annotator\config.json
2026-08-29 23:04:42 DEBUG   app.application: Overlays built for 1 screen(s)
2026-08-29 23:04:42 INFO    app.hotkeys: Native hotkey event filter installed
2026-08-29 23:04:42 INFO    app.hotkeys: Global hotkeys registered: ['ctrl+shift+a', 'ctrl+shift+q', 'ctrl+shift+t']
2026-08-29 23:04:42 INFO    app.application: Screen Annotator v1.0.0 started (1 screen(s))
2026-08-29 23:04:42 INFO    annotator: Screen Annotator v1.0.0 ready - press Ctrl+Shift+A to annotate
2026-08-29 23:04:46 INFO    app.application: Annotation mode ACTIVATED
2026-08-29 23:04:46 DEBUG   app.windows_api: Applied NOACTIVATE style to hwnd=0x17057a
2026-08-29 23:04:46 INFO    app.hotkeys: Annotation mode hotkeys enabled
2026-08-29 23:04:46 DEBUG   app.application: Tool selected: pen
2026-08-29 23:04:46 DEBUG   app.windows_api: Applied NOACTIVATE style to hwnd=0x4a0b6e
2026-08-29 23:04:48 DEBUG   app.application: Tool selected: speech
2026-08-29 23:04:49 INFO    app.speech_tool: Loading Vosk model (will download if missing)...
2026-08-29 23:04:50 INFO    app.speech_tool: Speech recognition started listening...
2026-08-29 23:05:00 INFO    app.speech_tool: Speech session finished successfully
2026-08-29 23:05:02 INFO    app.speech_tool: Speech recognition started listening...
2026-08-29 23:05:23 INFO    app.speech_tool: Speech session cancelled
2026-08-29 23:05:25 INFO    app.windows_api: Low-level keyboard hook installed
2026-08-29 23:05:25 INFO    app.text_tool: Text input started at (209, 70)
2026-08-29 23:05:25 INFO    app.hotkeys: Annotation mode hotkeys released
2026-08-29 23:05:25 INFO    app.windows_api: Low-level keyboard hook removed
2026-08-29 23:05:25 INFO    app.text_tool: Text input finished (committed=False)
2026-08-29 23:05:25 INFO    app.hotkeys: Annotation mode hotkeys enabled
2026-08-29 23:05:25 INFO    app.windows_api: Low-level keyboard hook installed
2026-08-29 23:05:25 INFO    app.text_tool: Text input started at (333, 96)
2026-08-29 23:05:25 INFO    app.hotkeys: Annotation mode hotkeys released
2026-08-29 23:05:31 INFO    app.windows_api: Low-level keyboard hook removed
2026-08-29 23:05:31 INFO    app.text_tool: Text input finished (committed=False)
2026-08-29 23:05:31 INFO    app.hotkeys: Annotation mode hotkeys enabled
2026-08-29 23:05:31 DEBUG   app.application: Tool selected: speech
2026-08-29 23:05:33 INFO    app.speech_tool: Speech recognition started listening...
2026-08-29 23:05:48 INFO    app.speech_tool: Speech session finished successfully
2026-08-29 23:05:51 DEBUG   app.settings: Configuration saved to D:\screen_annotator\config.json
2026-08-29 23:05:51 DEBUG   app.settings: Configuration saved to D:\screen_annotator\config.json
2026-08-29 23:05:51 DEBUG   app.settings: Configuration saved to D:\screen_annotator\config.json
2026-08-29 23:05:51 DEBUG   app.settings: Configuration saved to D:\screen_annotator\config.json
2026-08-29 23:05:52 INFO    app.speech_tool: Speech recognition started listening...
2026-08-29 23:05:54 INFO    app.application: Annotation mode DEACTIVATED - clearing everything
2026-08-29 23:05:54 INFO    app.hotkeys: Annotation mode hotkeys released
2026-08-29 23:05:54 INFO    app.speech_tool: Speech session cancelled
2026-08-29 23:05:54 DEBUG   app.settings: Configuration saved to D:\screen_annotator\config.json
2026-08-29 23:07:06 INFO    app.application: Annotation mode ACTIVATED
2026-08-29 23:07:06 DEBUG   app.windows_api: Applied NOACTIVATE style to hwnd=0x17057a
2026-08-29 23:07:06 INFO    app.hotkeys: Annotation mode hotkeys enabled
2026-08-29 23:07:06 DEBUG   app.application: Tool selected: pen
2026-08-29 23:07:06 DEBUG   app.windows_api: Applied NOACTIVATE style to hwnd=0x4a0b6e
2026-08-29 23:07:10 INFO    app.windows_api: Low-level keyboard hook installed
2026-08-29 23:07:10 INFO    app.text_tool: Text input started at (320, 142)
2026-08-29 23:07:10 INFO    app.hotkeys: Annotation mode hotkeys released
2026-08-29 23:07:54 INFO    app.windows_api: Low-level keyboard hook removed
2026-08-29 23:07:54 INFO    app.text_tool: Text input finished (committed=True)
2026-08-29 23:07:54 INFO    app.hotkeys: Annotation mode hotkeys enabled
2026-08-29 23:07:54 INFO    app.windows_api: Low-level keyboard hook installed
2026-08-29 23:07:54 INFO    app.text_tool: Text input started at (189, 264)
2026-08-29 23:07:54 INFO    app.hotkeys: Annotation mode hotkeys released
2026-08-29 23:07:55 INFO    app.windows_api: Low-level keyboard hook removed
2026-08-29 23:07:55 INFO    app.text_tool: Text input finished (committed=False)
2026-08-29 23:07:55 INFO    app.hotkeys: Annotation mode hotkeys enabled
2026-08-29 23:07:55 INFO    app.windows_api: Low-level keyboard hook installed
2026-08-29 23:07:55 INFO    app.text_tool: Text input started at (405, 274)
2026-08-29 23:07:55 INFO    app.hotkeys: Annotation mode hotkeys released
2026-08-29 23:07:56 INFO    app.windows_api: Low-level keyboard hook removed
2026-08-29 23:07:56 INFO    app.text_tool: Text input finished (committed=False)
2026-08-29 23:07:56 INFO    app.hotkeys: Annotation mode hotkeys enabled
2026-08-29 23:07:56 INFO    app.windows_api: Low-level keyboard hook installed
2026-08-29 23:07:56 INFO    app.text_tool: Text input started at (429, 406)
2026-08-29 23:07:56 INFO    app.hotkeys: Annotation mode hotkeys released
2026-08-29 23:07:59 INFO    app.windows_api: Low-level keyboard hook removed
2026-08-29 23:07:59 INFO    app.text_tool: Text input finished (committed=False)
2026-08-29 23:07:59 INFO    app.hotkeys: Annotation mode hotkeys enabled
2026-08-29 23:07:59 INFO    app.windows_api: Low-level keyboard hook installed
2026-08-29 23:07:59 INFO    app.text_tool: Text input started at (491, 205)
2026-08-29 23:07:59 INFO    app.hotkeys: Annotation mode hotkeys released
2026-08-29 23:08:07 INFO    app.windows_api: Low-level keyboard hook removed
2026-08-29 23:08:07 INFO    app.text_tool: Text input finished (committed=False)
2026-08-29 23:08:07 INFO    app.hotkeys: Annotation mode hotkeys enabled
2026-08-29 23:08:07 INFO    app.windows_api: Low-level keyboard hook installed
2026-08-29 23:08:07 INFO    app.text_tool: Text input started at (429, 159)
2026-08-29 23:08:07 INFO    app.hotkeys: Annotation mode hotkeys released
2026-08-29 23:08:08 INFO    app.windows_api: Low-level keyboard hook removed
2026-08-29 23:08:08 INFO    app.text_tool: Text input finished (committed=False)
2026-08-29 23:08:08 INFO    app.hotkeys: Annotation mode hotkeys enabled
2026-08-29 23:08:08 INFO    app.windows_api: Low-level keyboard hook installed
2026-08-29 23:08:08 INFO    app.text_tool: Text input started at (492, 167)
2026-08-29 23:08:08 INFO    app.hotkeys: Annotation mode hotkeys released
2026-08-29 23:08:09 INFO    app.windows_api: Low-level keyboard hook removed
2026-08-29 23:08:09 INFO    app.text_tool: Text input finished (committed=False)
2026-08-29 23:08:09 INFO    app.hotkeys: Annotation mode hotkeys enabled
2026-08-29 23:08:09 INFO    app.windows_api: Low-level keyboard hook installed
2026-08-29 23:08:09 INFO    app.text_tool: Text input started at (558, 161)
2026-08-29 23:08:09 INFO    app.hotkeys: Annotation mode hotkeys released
2026-08-29 23:08:09 INFO    app.windows_api: Low-level keyboard hook removed
2026-08-29 23:08:09 INFO    app.text_tool: Text input finished (committed=False)
2026-08-29 23:08:09 INFO    app.hotkeys: Annotation mode hotkeys enabled
2026-08-29 23:08:09 INFO    app.windows_api: Low-level keyboard hook installed
2026-08-29 23:08:09 INFO    app.text_tool: Text input started at (577, 154)
2026-08-29 23:08:09 INFO    app.hotkeys: Annotation mode hotkeys released
2026-08-29 23:08:12 DEBUG   app.settings: Configuration saved to D:\screen_annotator\config.json
2026-08-29 23:08:12 DEBUG   app.settings: Configuration saved to D:\screen_annotator\config.json
2026-08-29 23:08:12 DEBUG   app.settings: Configuration saved to D:\screen_annotator\config.json
2026-08-29 23:08:12 DEBUG   app.settings: Configuration saved to D:\screen_annotator\config.json
2026-08-29 23:08:19 INFO    app.windows_api: Low-level keyboard hook removed
2026-08-29 23:08:19 INFO    app.text_tool: Text input finished (committed=True)
2026-08-29 23:08:19 INFO    app.hotkeys: Annotation mode hotkeys enabled
2026-08-29 23:08:19 INFO    app.windows_api: Low-level keyboard hook installed
2026-08-29 23:08:19 INFO    app.text_tool: Text input started at (516, 152)
2026-08-29 23:08:19 INFO    app.hotkeys: Annotation mode hotkeys released
2026-08-29 23:08:25 INFO    app.windows_api: Low-level keyboard hook removed
2026-08-29 23:08:25 INFO    app.text_tool: Text input finished (committed=True)
2026-08-29 23:08:25 INFO    app.hotkeys: Annotation mode hotkeys enabled
2026-08-29 23:08:25 INFO    app.windows_api: Low-level keyboard hook installed
2026-08-29 23:08:25 INFO    app.text_tool: Text input started at (456, 200)
2026-08-29 23:08:25 INFO    app.hotkeys: Annotation mode hotkeys released
2026-08-29 23:08:25 INFO    app.windows_api: Low-level keyboard hook removed
2026-08-29 23:08:25 INFO    app.text_tool: Text input finished (committed=False)
2026-08-29 23:08:25 INFO    app.hotkeys: Annotation mode hotkeys enabled
2026-08-29 23:08:25 INFO    app.windows_api: Low-level keyboard hook installed
2026-08-29 23:08:25 INFO    app.text_tool: Text input started at (515, 243)
2026-08-29 23:08:25 INFO    app.hotkeys: Annotation mode hotkeys released
2026-08-29 23:08:26 INFO    app.windows_api: Low-level keyboard hook removed
2026-08-29 23:08:26 INFO    app.text_tool: Text input finished (committed=False)
2026-08-29 23:08:26 INFO    app.hotkeys: Annotation mode hotkeys enabled
2026-08-29 23:08:26 INFO    app.windows_api: Low-level keyboard hook installed
2026-08-29 23:08:26 INFO    app.text_tool: Text input started at (651, 244)
2026-08-29 23:08:26 INFO    app.hotkeys: Annotation mode hotkeys released
2026-08-29 23:08:30 INFO    app.windows_api: Low-level keyboard hook removed
2026-08-29 23:08:30 INFO    app.text_tool: Text input finished (committed=False)
2026-08-29 23:08:30 INFO    app.hotkeys: Annotation mode hotkeys enabled
2026-08-29 23:08:30 INFO    app.windows_api: Low-level keyboard hook installed
2026-08-29 23:08:30 INFO    app.text_tool: Text input started at (853, 381)
2026-08-29 23:08:30 INFO    app.hotkeys: Annotation mode hotkeys released
2026-08-29 23:08:34 INFO    app.windows_api: Low-level keyboard hook removed
2026-08-29 23:08:34 INFO    app.text_tool: Text input finished (committed=True)
2026-08-29 23:08:34 INFO    app.hotkeys: Annotation mode hotkeys enabled
2026-08-29 23:08:35 INFO    app.application: Annotation mode DEACTIVATED - clearing everything
2026-08-29 23:08:35 INFO    app.hotkeys: Annotation mode hotkeys released
2026-08-29 23:08:35 DEBUG   app.settings: Configuration saved to D:\screen_annotator\config.json
2026-08-29 23:08:49 INFO    app.settings: Configuration loaded from D:\screen_annotator\config.json
2026-08-29 23:08:49 DEBUG   app.application: Overlays built for 1 screen(s)
2026-08-29 23:08:49 INFO    app.hotkeys: Native hotkey event filter installed
2026-08-29 23:08:49 INFO    app.hotkeys: Global hotkeys registered: ['ctrl+shift+a', 'ctrl+shift+q', 'ctrl+shift+t']
2026-08-29 23:08:49 INFO    app.application: Screen Annotator v1.0.0 started (1 screen(s))
2026-08-29 23:08:49 INFO    annotator: Screen Annotator v1.0.0 ready - press Ctrl+Shift+A to annotate
2026-08-29 23:08:51 INFO    app.application: Annotation mode ACTIVATED
2026-08-29 23:08:51 DEBUG   app.windows_api: Applied NOACTIVATE style to hwnd=0xb0bce
2026-08-29 23:08:51 INFO    app.hotkeys: Annotation mode hotkeys enabled
2026-08-29 23:08:51 DEBUG   app.application: Tool selected: pen
2026-08-29 23:08:51 DEBUG   app.windows_api: Applied NOACTIVATE style to hwnd=0x4c09f8
2026-08-29 23:08:57 DEBUG   app.application: Tool selected: speech
2026-08-29 23:08:58 INFO    app.speech_tool: Loading Vosk model (will download if missing)...
2026-08-29 23:08:58 INFO    app.speech_tool: Speech recognition started listening...
2026-08-29 23:09:25 INFO    app.speech_tool: Speech session finished successfully
2026-08-29 23:09:26 INFO    app.speech_tool: Speech recognition started listening...
2026-08-29 23:09:27 INFO    app.speech_tool: Speech session discarded (no speech)
2026-08-29 23:09:28 INFO    app.speech_tool: Speech recognition started listening...
2026-08-29 23:09:29 INFO    app.speech_tool: Speech session discarded (no speech)
2026-08-29 23:09:29 INFO    app.speech_tool: Speech recognition started listening...
2026-08-29 23:09:31 INFO    app.speech_tool: Speech session discarded (no speech)
2026-08-29 23:09:31 INFO    app.speech_tool: Speech recognition started listening...
2026-08-29 23:09:32 INFO    app.speech_tool: Speech session discarded (no speech)
2026-08-29 23:09:33 INFO    app.speech_tool: Speech recognition started listening...
2026-08-29 23:09:33 INFO    app.speech_tool: Speech session discarded (no speech)
2026-08-29 23:09:34 INFO    app.speech_tool: Speech recognition started listening...
2026-08-29 23:09:35 INFO    app.speech_tool: Speech session finished successfully
2026-08-29 23:09:36 INFO    app.speech_tool: Speech recognition started listening...
2026-08-29 23:09:41 INFO    app.application: Annotation mode DEACTIVATED - clearing everything
2026-08-29 23:09:41 INFO    app.hotkeys: Annotation mode hotkeys released
2026-08-29 23:09:41 INFO    app.speech_tool: Speech session cancelled
2026-08-29 23:09:41 DEBUG   app.settings: Configuration saved to D:\screen_annotator\config.json
2026-08-29 23:12:28 INFO    app.settings: Configuration loaded from D:\screen_annotator\config.json
2026-08-29 23:12:28 DEBUG   app.application: Overlays built for 1 screen(s)
2026-08-29 23:12:28 INFO    app.hotkeys: Native hotkey event filter installed
2026-08-29 23:12:28 INFO    app.hotkeys: Global hotkeys registered: ['ctrl+shift+a', 'ctrl+shift+q', 'ctrl+shift+t']
2026-08-29 23:12:28 INFO    app.application: Screen Annotator v1.0.0 started (1 screen(s))
2026-08-29 23:12:28 INFO    annotator: Screen Annotator v1.0.0 ready - press Ctrl+Shift+A to annotate
2026-08-29 23:12:33 INFO    app.application: Annotation mode ACTIVATED
2026-08-29 23:12:33 DEBUG   app.windows_api: Applied NOACTIVATE style to hwnd=0x3012a
2026-08-29 23:12:33 INFO    app.hotkeys: Annotation mode hotkeys enabled
2026-08-29 23:12:33 DEBUG   app.application: Tool selected: pen
2026-08-29 23:12:33 DEBUG   app.windows_api: Applied NOACTIVATE style to hwnd=0x30138
2026-08-29 23:12:35 DEBUG   app.application: Tool selected: speech
2026-08-29 23:12:36 INFO    app.speech_tool: Loading Vosk model (will download if missing)...
2026-08-29 23:12:37 INFO    app.speech_tool: Speech recognition started listening...
2026-08-29 23:12:37 INFO    app.speech_tool: Speech session discarded (no speech)
2026-08-29 23:12:41 INFO    app.speech_tool: Speech recognition started listening...
2026-08-29 23:12:41 INFO    app.speech_tool: Speech session discarded (no speech)
2026-08-29 23:12:43 INFO    app.speech_tool: Speech recognition started listening...
2026-08-29 23:12:44 INFO    app.speech_tool: Speech session discarded (no speech)
2026-08-29 23:12:44 INFO    app.speech_tool: Speech recognition started listening...
2026-08-29 23:12:44 INFO    app.speech_tool: Speech session discarded (no speech)
2026-08-29 23:12:45 INFO    app.speech_tool: Speech recognition started listening...
2026-08-29 23:12:45 INFO    app.speech_tool: Speech session finished successfully
2026-08-29 23:12:48 INFO    app.speech_tool: Speech recognition started listening...
2026-08-29 23:13:36 INFO    app.speech_tool: Speech session cancelled
2026-08-29 23:13:37 INFO    app.windows_api: Low-level keyboard hook installed
2026-08-29 23:13:37 INFO    app.text_tool: Text input started at (476, 53)
2026-08-29 23:13:37 INFO    app.hotkeys: Annotation mode hotkeys released
2026-08-29 23:13:41 INFO    app.windows_api: Low-level keyboard hook removed
2026-08-29 23:13:41 INFO    app.text_tool: Text input finished (committed=False)
2026-08-29 23:13:41 INFO    app.hotkeys: Annotation mode hotkeys enabled
2026-08-29 23:13:41 DEBUG   app.application: Tool selected: speech
2026-08-29 23:13:42 INFO    app.speech_tool: Speech recognition started listening...
2026-08-29 23:13:43 INFO    app.speech_tool: Speech session discarded (no speech)
2026-08-29 23:13:44 INFO    app.speech_tool: Speech recognition started listening...
2026-08-29 23:13:47 INFO    app.speech_tool: Speech session cancelled
2026-08-29 23:13:47 INFO    app.windows_api: Low-level keyboard hook installed
2026-08-29 23:13:47 INFO    app.text_tool: Text input started at (762, 145)
2026-08-29 23:13:47 INFO    app.hotkeys: Annotation mode hotkeys released
2026-08-29 23:13:54 INFO    app.windows_api: Low-level keyboard hook removed
2026-08-29 23:13:54 INFO    app.text_tool: Text input finished (committed=True)
2026-08-29 23:13:54 INFO    app.hotkeys: Annotation mode hotkeys enabled
2026-08-29 23:13:55 INFO    app.application: Annotation mode DEACTIVATED - clearing everything
2026-08-29 23:13:55 INFO    app.hotkeys: Annotation mode hotkeys released
2026-08-29 23:13:55 DEBUG   app.settings: Configuration saved to D:\screen_annotator\config.json
2026-08-29 23:15:21 INFO    app.settings: Configuration loaded from D:\screen_annotator\config.json
2026-08-29 23:15:21 DEBUG   app.application: Overlays built for 1 screen(s)
2026-08-29 23:15:21 INFO    app.hotkeys: Native hotkey event filter installed
2026-08-29 23:15:21 INFO    app.hotkeys: Global hotkeys registered: ['ctrl+shift+a', 'ctrl+shift+q', 'ctrl+shift+t']
2026-08-29 23:15:21 INFO    app.application: Screen Annotator v1.0.0 started (1 screen(s))
2026-08-29 23:15:21 INFO    annotator: Screen Annotator v1.0.0 ready - press Ctrl+Shift+A to annotate
2026-08-29 23:15:24 INFO    app.application: Annotation mode ACTIVATED
2026-08-29 23:15:24 DEBUG   app.windows_api: Applied NOACTIVATE style to hwnd=0x4f0b6e
2026-08-29 23:15:24 INFO    app.hotkeys: Annotation mode hotkeys enabled
2026-08-29 23:15:24 DEBUG   app.application: Tool selected: pen
2026-08-29 23:15:24 DEBUG   app.windows_api: Applied NOACTIVATE style to hwnd=0x120ba6
2026-08-29 23:15:27 DEBUG   app.settings: Configuration saved to D:\screen_annotator\config.json
2026-08-29 23:15:28 DEBUG   app.application: Tool selected: speech
2026-08-29 23:15:28 INFO    app.speech_tool: Loading Vosk model (will download if missing)...
2026-08-29 23:15:29 INFO    app.speech_tool: Speech recognition started listening...
2026-08-29 23:15:29 INFO    app.speech_tool: Speech session discarded (no speech)
2026-08-29 23:15:30 INFO    app.speech_tool: Speech recognition started listening...
2026-08-29 23:15:30 INFO    app.speech_tool: Speech session discarded (no speech)
2026-08-29 23:15:31 INFO    app.speech_tool: Speech recognition started listening...
2026-08-29 23:15:37 INFO    app.speech_tool: Speech session finished successfully
2026-08-29 23:15:44 INFO    app.speech_tool: Speech recognition started listening...
2026-08-29 23:15:49 INFO    app.speech_tool: Speech session finished successfully
2026-08-29 23:15:51 INFO    app.speech_tool: Speech recognition started listening...
2026-08-29 23:15:55 INFO    app.speech_tool: Speech session finished successfully
2026-08-29 23:16:06 INFO    app.speech_tool: Speech recognition started listening...
2026-08-29 23:16:23 INFO    app.speech_tool: Speech session finished successfully
2026-08-29 23:16:28 INFO    app.speech_tool: Speech recognition started listening...
2026-08-29 23:16:29 INFO    app.speech_tool: Speech session discarded (no speech)
2026-08-29 23:16:34 INFO    app.speech_tool: Speech recognition started listening...
2026-08-29 23:16:41 DEBUG   app.settings: Configuration saved to D:\screen_annotator\config.json
2026-08-29 23:16:41 DEBUG   app.settings: Configuration saved to D:\screen_annotator\config.json
2026-08-29 23:16:41 DEBUG   app.settings: Configuration saved to D:\screen_annotator\config.json
2026-08-29 23:16:41 DEBUG   app.settings: Configuration saved to D:\screen_annotator\config.json
2026-08-29 23:16:42 INFO    app.speech_tool: Speech session finished successfully
2026-08-29 23:16:42 INFO    app.speech_tool: Speech recognition started listening...
2026-08-29 23:16:45 DEBUG   app.settings: Configuration saved to D:\screen_annotator\config.json
2026-08-29 23:16:45 DEBUG   app.settings: Configuration saved to D:\screen_annotator\config.json
2026-08-29 23:16:45 DEBUG   app.settings: Configuration saved to D:\screen_annotator\config.json
2026-08-29 23:16:45 DEBUG   app.settings: Configuration saved to D:\screen_annotator\config.json
2026-08-29 23:16:45 DEBUG   app.settings: Configuration saved to D:\screen_annotator\config.json
2026-08-29 23:16:45 DEBUG   app.settings: Configuration saved to D:\screen_annotator\config.json
2026-08-29 23:16:46 DEBUG   app.settings: Configuration saved to D:\screen_annotator\config.json
2026-08-29 23:16:46 DEBUG   app.settings: Configuration saved to D:\screen_annotator\config.json
2026-08-29 23:16:46 DEBUG   app.settings: Configuration saved to D:\screen_annotator\config.json
2026-08-29 23:16:46 DEBUG   app.settings: Configuration saved to D:\screen_annotator\config.json
2026-08-29 23:16:46 DEBUG   app.settings: Configuration saved to D:\screen_annotator\config.json
2026-08-29 23:16:46 DEBUG   app.settings: Configuration saved to D:\screen_annotator\config.json
2026-08-29 23:16:46 DEBUG   app.settings: Configuration saved to D:\screen_annotator\config.json
2026-08-29 23:16:46 INFO    app.speech_tool: Speech session finished successfully
2026-08-29 23:16:50 INFO    app.speech_tool: Speech recognition started listening...
2026-08-29 23:16:57 INFO    app.speech_tool: Speech session finished successfully
2026-08-29 23:17:05 INFO    app.speech_tool: Speech recognition started listening...
2026-08-29 23:17:06 INFO    app.speech_tool: Speech session discarded (no speech)
2026-08-29 23:17:11 INFO    app.speech_tool: Speech recognition started listening...
2026-08-29 23:17:14 INFO    app.application: Annotation mode DEACTIVATED - clearing everything
2026-08-29 23:17:14 INFO    app.hotkeys: Annotation mode hotkeys released
2026-08-29 23:17:14 INFO    app.speech_tool: Speech session cancelled
2026-08-29 23:17:14 DEBUG   app.settings: Configuration saved to D:\screen_annotator\config.json
2026-08-29 23:20:02 INFO    app.settings: Configuration loaded from D:\screen_annotator\config.json
2026-08-29 23:20:02 DEBUG   app.application: Overlays built for 1 screen(s)
2026-08-29 23:20:02 INFO    app.hotkeys: Native hotkey event filter installed
2026-08-29 23:20:02 INFO    app.hotkeys: Global hotkeys registered: ['ctrl+shift+a', 'ctrl+shift+q', 'ctrl+shift+t']
2026-08-29 23:20:02 INFO    app.application: Screen Annotator v1.0.0 started (1 screen(s))
2026-08-29 23:20:02 INFO    annotator: Screen Annotator v1.0.0 ready - press Ctrl+Shift+A to annotate
2026-08-29 23:20:03 INFO    app.application: Annotation mode ACTIVATED
2026-08-29 23:20:03 DEBUG   app.windows_api: Applied NOACTIVATE style to hwnd=0x60100
2026-08-29 23:20:03 INFO    app.hotkeys: Annotation mode hotkeys enabled
2026-08-29 23:20:03 DEBUG   app.application: Tool selected: pen
2026-08-29 23:20:03 DEBUG   app.windows_api: Applied NOACTIVATE style to hwnd=0x1a0b54
2026-08-29 23:20:07 DEBUG   app.settings: Configuration saved to D:\screen_annotator\config.json
2026-08-29 23:20:07 DEBUG   app.settings: Configuration saved to D:\screen_annotator\config.json
2026-08-29 23:20:07 INFO    app.application: Toolbar visibility -> False
2026-08-29 23:20:09 DEBUG   app.settings: Configuration saved to D:\screen_annotator\config.json
2026-08-29 23:20:09 DEBUG   app.windows_api: Applied NOACTIVATE style to hwnd=0x1a0b54
2026-08-29 23:20:09 INFO    app.application: Toolbar visibility -> True
2026-08-29 23:20:11 DEBUG   app.application: Tool selected: speech
2026-08-29 23:20:12 INFO    app.speech_tool: Loading Vosk model (will download if missing)...
2026-08-29 23:20:12 INFO    app.speech_tool: Speech recognition started listening...
2026-08-29 23:20:13 INFO    app.speech_tool: Speech session discarded (no speech)
2026-08-29 23:20:14 INFO    app.speech_tool: Speech recognition started listening...
2026-08-29 23:20:34 INFO    app.speech_tool: Speech session cancelled
2026-08-29 23:20:34 DEBUG   app.application: Tool selected: arrow
2026-08-29 23:20:34 DEBUG   app.application: Tool selected: speech
2026-08-29 23:20:38 INFO    app.speech_tool: Speech recognition started listening...
2026-08-29 23:20:54 DEBUG   app.settings: Configuration saved to D:\screen_annotator\config.json
2026-08-29 23:20:54 DEBUG   app.settings: Configuration saved to D:\screen_annotator\config.json
2026-08-29 23:20:54 INFO    app.application: Toolbar visibility -> False
2026-08-29 23:20:56 DEBUG   app.settings: Configuration saved to D:\screen_annotator\config.json
2026-08-29 23:20:56 DEBUG   app.windows_api: Applied NOACTIVATE style to hwnd=0x1a0b54
2026-08-29 23:20:56 INFO    app.application: Toolbar visibility -> True
2026-08-29 23:20:58 DEBUG   app.settings: Configuration saved to D:\screen_annotator\config.json
2026-08-29 23:20:58 DEBUG   app.settings: Configuration saved to D:\screen_annotator\config.json
2026-08-29 23:20:58 INFO    app.application: Toolbar visibility -> False
2026-08-29 23:20:59 INFO    app.application: Annotation mode DEACTIVATED - clearing everything
2026-08-29 23:20:59 INFO    app.hotkeys: Annotation mode hotkeys released
2026-08-29 23:20:59 INFO    app.speech_tool: Speech session cancelled
2026-08-29 23:20:59 DEBUG   app.settings: Configuration saved to D:\screen_annotator\config.json
2026-08-29 23:27:34 INFO    app.settings: Configuration loaded from D:\screen_annotator\config.json
2026-08-29 23:27:34 DEBUG   app.application: Overlays built for 1 screen(s)
2026-08-29 23:27:34 INFO    app.hotkeys: Native hotkey event filter installed
2026-08-29 23:27:34 INFO    app.hotkeys: Global hotkeys registered: ['ctrl+shift+a', 'ctrl+shift+q', 'ctrl+shift+t']
2026-08-29 23:27:34 INFO    app.application: Screen Annotator v1.0.0 started (1 screen(s))
2026-08-29 23:27:34 INFO    annotator: Screen Annotator v1.0.0 ready - press Ctrl+Shift+A to annotate
2026-08-29 23:27:36 INFO    app.application: Annotation mode ACTIVATED
2026-08-29 23:27:36 DEBUG   app.windows_api: Applied NOACTIVATE style to hwnd=0x290c36
2026-08-29 23:27:36 INFO    app.hotkeys: Annotation mode hotkeys enabled
2026-08-29 23:27:36 DEBUG   app.application: Tool selected: pen
2026-08-29 23:27:39 DEBUG   app.settings: Configuration saved to D:\screen_annotator\config.json
2026-08-29 23:27:39 DEBUG   app.windows_api: Applied NOACTIVATE style to hwnd=0x22057a
2026-08-29 23:27:39 INFO    app.application: Toolbar visibility -> True
2026-08-29 23:27:42 DEBUG   app.settings: Configuration saved to D:\screen_annotator\config.json
2026-08-29 23:27:42 DEBUG   app.settings: Configuration saved to D:\screen_annotator\config.json
2026-08-29 23:27:42 INFO    app.application: Toolbar visibility -> False
2026-08-29 23:27:43 DEBUG   app.settings: Configuration saved to D:\screen_annotator\config.json
2026-08-29 23:27:44 DEBUG   app.settings: Configuration saved to D:\screen_annotator\config.json
2026-08-29 23:27:44 DEBUG   app.windows_api: Applied NOACTIVATE style to hwnd=0x22057a
2026-08-29 23:27:44 INFO    app.application: Toolbar visibility -> True
2026-08-29 23:27:51 INFO    app.speech_tool: Loading Vosk model (will download if missing)...
2026-08-29 23:27:51 INFO    app.speech_tool: Speech recognition started listening...
2026-08-29 23:28:04 DEBUG   app.settings: Configuration saved to D:\screen_annotator\config.json
2026-08-29 23:28:04 DEBUG   app.settings: Configuration saved to D:\screen_annotator\config.json
2026-08-29 23:28:17 ERROR   app.application: Hotkey 'tool_eraser' handler failed: module 'app.windows_api' has no attribute 'unregister_ll_hook'
Traceback (most recent call last):
  File "D:\screen_annotator\app\application.py", line 470, in _on_hotkey
    func()
    ~~~~^^
  File "D:\screen_annotator\app\application.py", line 456, in <lambda>
    "tool_eraser": lambda: self.set_tool("eraser"),
                           ~~~~~~~~~~~~~^^^^^^^^^^
  File "D:\screen_annotator\app\application.py", line 294, in set_tool
    old.on_deactivate()
    ~~~~~~~~~~~~~~~~~^^
  File "D:\screen_annotator\app\speech_tool.py", line 147, in on_deactivate
    windows_api.unregister_ll_hook()
    ^^^^^^^^^^^^^^^^^^^^^^^^^^^^^^
AttributeError: module 'app.windows_api' has no attribute 'unregister_ll_hook'. Did you mean: 'unregister_hotkey'?
2026-08-29 23:28:20 DEBUG   app.settings: Configuration saved to D:\screen_annotator\config.json
2026-08-29 23:28:20 DEBUG   app.settings: Configuration saved to D:\screen_annotator\config.json
2026-08-29 23:28:20 DEBUG   app.settings: Configuration saved to D:\screen_annotator\config.json
2026-08-29 23:28:20 DEBUG   app.settings: Configuration saved to D:\screen_annotator\config.json
2026-08-29 23:28:20 DEBUG   app.settings: Configuration saved to D:\screen_annotator\config.json
2026-08-29 23:28:20 DEBUG   app.settings: Configuration saved to D:\screen_annotator\config.json
2026-08-29 23:28:29 ERROR   app.application: Hotkey 'tool_arrow' handler failed: module 'app.windows_api' has no attribute 'unregister_ll_hook'
Traceback (most recent call last):
  File "D:\screen_annotator\app\application.py", line 470, in _on_hotkey
    func()
    ~~~~^^
  File "D:\screen_annotator\app\application.py", line 455, in <lambda>
    "tool_arrow": lambda: self.set_tool("arrow"),
                          ~~~~~~~~~~~~~^^^^^^^^^
  File "D:\screen_annotator\app\application.py", line 294, in set_tool
    old.on_deactivate()
    ~~~~~~~~~~~~~~~~~^^
  File "D:\screen_annotator\app\speech_tool.py", line 147, in on_deactivate
    windows_api.unregister_ll_hook()
    ^^^^^^^^^^^^^^^^^^^^^^^^^^^^^^
AttributeError: module 'app.windows_api' has no attribute 'unregister_ll_hook'. Did you mean: 'unregister_hotkey'?
2026-08-29 23:28:33 INFO    app.application: Annotation mode DEACTIVATED - clearing everything
2026-08-29 23:28:33 INFO    app.hotkeys: Annotation mode hotkeys released
2026-08-29 23:28:33 ERROR   app.application: Tool teardown failed: module 'app.windows_api' has no attribute 'unregister_ll_hook'
2026-08-29 23:28:33 DEBUG   app.settings: Configuration saved to D:\screen_annotator\config.json
2026-08-29 23:30:26 INFO    app.settings: Configuration loaded from D:\screen_annotator\config.json
2026-08-29 23:30:26 DEBUG   app.application: Overlays built for 1 screen(s)
2026-08-29 23:30:26 INFO    app.hotkeys: Native hotkey event filter installed
2026-08-29 23:30:26 INFO    app.hotkeys: Global hotkeys registered: ['ctrl+shift+a', 'ctrl+shift+q', 'ctrl+shift+t']
2026-08-29 23:30:26 INFO    app.application: Screen Annotator v1.0.0 started (1 screen(s))
2026-08-29 23:30:26 INFO    annotator: Screen Annotator v1.0.0 ready - press Ctrl+Shift+A to annotate
2026-08-29 23:30:27 INFO    app.application: Annotation mode ACTIVATED
2026-08-29 23:30:27 DEBUG   app.windows_api: Applied NOACTIVATE style to hwnd=0xe05e8
2026-08-29 23:30:27 INFO    app.hotkeys: Annotation mode hotkeys enabled
2026-08-29 23:30:27 DEBUG   app.application: Tool selected: pen
2026-08-29 23:30:27 DEBUG   app.windows_api: Applied NOACTIVATE style to hwnd=0x5509f8
2026-08-29 23:30:31 INFO    app.speech_tool: Loading Vosk model (will download if missing)...
2026-08-29 23:30:32 INFO    app.speech_tool: Speech recognition started listening...
2026-08-29 23:30:32 INFO    app.speech_tool: Speech session finished successfully
2026-08-29 23:30:34 INFO    app.speech_tool: Speech recognition started listening...
2026-08-29 23:30:53 ERROR   app.application: Hotkey 'tool_move' handler failed: module 'app.windows_api' has no attribute 'unregister_ll_hook'
Traceback (most recent call last):
  File "D:\screen_annotator\app\application.py", line 470, in _on_hotkey
    func()
    ~~~~^^
  File "D:\screen_annotator\app\application.py", line 457, in <lambda>
    "tool_move": lambda: self.set_tool("move"),
                         ~~~~~~~~~~~~~^^^^^^^^
  File "D:\screen_annotator\app\application.py", line 294, in set_tool
    old.on_deactivate()
    ~~~~~~~~~~~~~~~~~^^
  File "D:\screen_annotator\app\speech_tool.py", line 147, in on_deactivate
    windows_api.unregister_ll_hook()
    ^^^^^^^^^^^^^^^^^^^^^^^^^^^^^^
AttributeError: module 'app.windows_api' has no attribute 'unregister_ll_hook'. Did you mean: 'unregister_hotkey'?
2026-08-29 23:30:53 ERROR   app.application: Hotkey 'tool_eraser' handler failed: module 'app.windows_api' has no attribute 'unregister_ll_hook'
Traceback (most recent call last):
  File "D:\screen_annotator\app\application.py", line 470, in _on_hotkey
    func()
    ~~~~^^
  File "D:\screen_annotator\app\application.py", line 456, in <lambda>
    "tool_eraser": lambda: self.set_tool("eraser"),
                           ~~~~~~~~~~~~~^^^^^^^^^^
  File "D:\screen_annotator\app\application.py", line 294, in set_tool
    old.on_deactivate()
    ~~~~~~~~~~~~~~~~~^^
  File "D:\screen_annotator\app\speech_tool.py", line 147, in on_deactivate
    windows_api.unregister_ll_hook()
    ^^^^^^^^^^^^^^^^^^^^^^^^^^^^^^
AttributeError: module 'app.windows_api' has no attribute 'unregister_ll_hook'. Did you mean: 'unregister_hotkey'?
2026-08-29 23:30:55 ERROR   app.application: Hotkey 'tool_arrow' handler failed: module 'app.windows_api' has no attribute 'unregister_ll_hook'
Traceback (most recent call last):
  File "D:\screen_annotator\app\application.py", line 470, in _on_hotkey
    func()
    ~~~~^^
  File "D:\screen_annotator\app\application.py", line 455, in <lambda>
    "tool_arrow": lambda: self.set_tool("arrow"),
                          ~~~~~~~~~~~~~^^^^^^^^^
  File "D:\screen_annotator\app\application.py", line 294, in set_tool
    old.on_deactivate()
    ~~~~~~~~~~~~~~~~~^^
  File "D:\screen_annotator\app\speech_tool.py", line 147, in on_deactivate
    windows_api.unregister_ll_hook()
    ^^^^^^^^^^^^^^^^^^^^^^^^^^^^^^
AttributeError: module 'app.windows_api' has no attribute 'unregister_ll_hook'. Did you mean: 'unregister_hotkey'?
2026-08-29 23:30:56 ERROR   app.application: Hotkey 'tool_arrow' handler failed: module 'app.windows_api' has no attribute 'unregister_ll_hook'
Traceback (most recent call last):
  File "D:\screen_annotator\app\application.py", line 470, in _on_hotkey
    func()
    ~~~~^^
  File "D:\screen_annotator\app\application.py", line 455, in <lambda>
    "tool_arrow": lambda: self.set_tool("arrow"),
                          ~~~~~~~~~~~~~^^^^^^^^^
  File "D:\screen_annotator\app\application.py", line 294, in set_tool
    old.on_deactivate()
    ~~~~~~~~~~~~~~~~~^^
  File "D:\screen_annotator\app\speech_tool.py", line 147, in on_deactivate
    windows_api.unregister_ll_hook()
    ^^^^^^^^^^^^^^^^^^^^^^^^^^^^^^
AttributeError: module 'app.windows_api' has no attribute 'unregister_ll_hook'. Did you mean: 'unregister_hotkey'?
2026-08-29 23:30:56 ERROR   app.application: Hotkey 'tool_arrow' handler failed: module 'app.windows_api' has no attribute 'unregister_ll_hook'
Traceback (most recent call last):
  File "D:\screen_annotator\app\application.py", line 470, in _on_hotkey
    func()
    ~~~~^^
  File "D:\screen_annotator\app\application.py", line 455, in <lambda>
    "tool_arrow": lambda: self.set_tool("arrow"),
                          ~~~~~~~~~~~~~^^^^^^^^^
  File "D:\screen_annotator\app\application.py", line 294, in set_tool
    old.on_deactivate()
    ~~~~~~~~~~~~~~~~~^^
  File "D:\screen_annotator\app\speech_tool.py", line 147, in on_deactivate
    windows_api.unregister_ll_hook()
    ^^^^^^^^^^^^^^^^^^^^^^^^^^^^^^
AttributeError: module 'app.windows_api' has no attribute 'unregister_ll_hook'. Did you mean: 'unregister_hotkey'?
2026-08-29 23:31:01 INFO    app.application: Annotation mode DEACTIVATED - clearing everything
2026-08-29 23:31:01 INFO    app.hotkeys: Annotation mode hotkeys released
2026-08-29 23:31:01 ERROR   app.application: Tool teardown failed: module 'app.windows_api' has no attribute 'unregister_ll_hook'
2026-08-29 23:31:01 DEBUG   app.settings: Configuration saved to D:\screen_annotator\config.json
2026-08-29 23:39:12 INFO    app.settings: Configuration loaded from D:\screen_annotator\config.json
2026-08-29 23:39:12 DEBUG   app.application: Overlays built for 1 screen(s)
2026-08-29 23:39:12 INFO    app.hotkeys: Native hotkey event filter installed
2026-08-29 23:39:12 INFO    app.hotkeys: Global hotkeys registered: ['ctrl+shift+a', 'ctrl+shift+q', 'ctrl+shift+t']
2026-08-29 23:39:12 INFO    app.application: Screen Annotator v1.0.0 started (1 screen(s))
2026-08-29 23:39:12 INFO    annotator: Screen Annotator v1.0.0 ready - press Ctrl+Shift+A to annotate
2026-08-29 23:39:13 INFO    app.application: Annotation mode ACTIVATED
2026-08-29 23:39:13 DEBUG   app.windows_api: Applied NOACTIVATE style to hwnd=0x1008ee
2026-08-29 23:39:13 INFO    app.hotkeys: Annotation mode hotkeys enabled
2026-08-29 23:39:13 DEBUG   app.application: Tool selected: pen
2026-08-29 23:39:13 DEBUG   app.windows_api: Applied NOACTIVATE style to hwnd=0x4036c
2026-08-29 23:39:16 INFO    app.windows_api: Low-level keyboard hook installed
2026-08-29 23:39:16 DEBUG   app.application: Tool selected: speech
2026-08-29 23:39:16 INFO    app.speech_tool: Loading Vosk model (will download if missing)...
2026-08-29 23:39:17 INFO    app.speech_tool: Speech recognition started listening...
2026-08-29 23:42:04 INFO    app.speech_tool: Speech session finished successfully
2026-08-29 23:42:04 INFO    app.application: Cleared all annotations
2026-08-29 23:42:09 INFO    app.windows_api: Low-level keyboard hook removed
2026-08-29 23:42:11 INFO    app.windows_api: Low-level keyboard hook installed
2026-08-29 23:42:11 INFO    app.text_tool: Text input started at (380, 191)
2026-08-29 23:42:11 INFO    app.hotkeys: Annotation mode hotkeys released
2026-08-29 23:42:25 DEBUG   app.undo_redo: Undo clear
2026-08-29 23:42:25 DEBUG   app.undo_redo: Undo add
2026-08-29 23:42:30 INFO    app.windows_api: Low-level keyboard hook removed
2026-08-29 23:42:30 INFO    app.text_tool: Text input finished (committed=True)
2026-08-29 23:42:30 INFO    app.hotkeys: Annotation mode hotkeys enabled
2026-08-29 23:42:30 INFO    app.windows_api: Low-level keyboard hook installed
2026-08-29 23:42:30 INFO    app.text_tool: Text input started at (763, 353)
2026-08-29 23:42:30 INFO    app.hotkeys: Annotation mode hotkeys released
2026-08-29 23:42:31 INFO    app.windows_api: Low-level keyboard hook removed
2026-08-29 23:42:31 INFO    app.text_tool: Text input finished (committed=False)
2026-08-29 23:42:31 INFO    app.hotkeys: Annotation mode hotkeys enabled
2026-08-29 23:42:31 DEBUG   app.application: Tool selected: arrow
2026-08-29 23:42:33 DEBUG   app.line_tool: Arrow committed
2026-08-29 23:42:35 DEBUG   app.settings: Configuration saved to D:\screen_annotator\config.json
2026-08-29 23:42:35 DEBUG   app.undo_redo: Undo add
2026-08-29 23:42:35 DEBUG   app.undo_redo: Undo add
2026-08-29 23:42:40 DEBUG   app.settings: Configuration saved to D:\screen_annotator\config.json
2026-08-29 23:42:40 DEBUG   app.application: Tool selected: pen
2026-08-29 23:42:41 DEBUG   app.pen_tool: Pen stroke committed (15 points)
2026-08-29 23:42:42 DEBUG   app.pen_tool: Pen stroke committed (28 points)
2026-08-29 23:42:42 DEBUG   app.pen_tool: Pen stroke committed (15 points)
2026-08-29 23:42:42 DEBUG   app.settings: Configuration saved to D:\screen_annotator\config.json
2026-08-29 23:42:42 DEBUG   app.settings: Configuration saved to D:\screen_annotator\config.json
2026-08-29 23:42:42 DEBUG   app.settings: Configuration saved to D:\screen_annotator\config.json
2026-08-29 23:42:42 DEBUG   app.settings: Configuration saved to D:\screen_annotator\config.json
2026-08-29 23:42:42 DEBUG   app.settings: Configuration saved to D:\screen_annotator\config.json
2026-08-29 23:42:42 DEBUG   app.settings: Configuration saved to D:\screen_annotator\config.json
2026-08-29 23:42:42 DEBUG   app.settings: Configuration saved to D:\screen_annotator\config.json
2026-08-29 23:42:42 DEBUG   app.settings: Configuration saved to D:\screen_annotator\config.json
2026-08-29 23:42:42 DEBUG   app.settings: Configuration saved to D:\screen_annotator\config.json
2026-08-29 23:42:43 DEBUG   app.pen_tool: Pen stroke committed (30 points)
2026-08-29 23:42:44 DEBUG   app.pen_tool: Pen stroke committed (8 points)
2026-08-29 23:42:44 DEBUG   app.pen_tool: Pen stroke committed (12 points)
2026-08-29 23:42:45 DEBUG   app.pen_tool: Pen stroke committed (27 points)
2026-08-29 23:42:45 DEBUG   app.pen_tool: Pen stroke committed (1 points)
2026-08-29 23:42:45 DEBUG   app.pen_tool: Pen stroke committed (10 points)
2026-08-29 23:42:46 DEBUG   app.pen_tool: Pen stroke committed (35 points)
2026-08-29 23:42:47 DEBUG   app.pen_tool: Pen stroke committed (13 points)
2026-08-29 23:42:47 DEBUG   app.pen_tool: Pen stroke committed (13 points)
2026-08-29 23:42:47 DEBUG   app.pen_tool: Pen stroke committed (5 points)
2026-08-29 23:42:48 DEBUG   app.pen_tool: Pen stroke committed (10 points)
2026-08-29 23:42:49 INFO    app.windows_api: Low-level keyboard hook installed
2026-08-29 23:42:49 DEBUG   app.application: Tool selected: speech
2026-08-29 23:42:50 INFO    app.speech_tool: Speech recognition started listening...
2026-08-29 23:42:54 DEBUG   app.settings: Configuration saved to D:\screen_annotator\config.json
2026-08-29 23:42:54 INFO    app.speech_tool: Speech session finished successfully
2026-08-29 23:42:55 INFO    app.speech_tool: Speech recognition started listening...
2026-08-29 23:43:47 INFO    app.speech_tool: Speech session finished successfully
2026-08-29 23:43:47 INFO    app.windows_api: Low-level keyboard hook removed
2026-08-29 23:43:47 ERROR   app.application: Hotkey 'tool_text' handler failed: 'TextTool' object has no attribute 'on_activate'
Traceback (most recent call last):
  File "D:\screen_annotator\app\application.py", line 470, in _on_hotkey
    func()
    ~~~~^^
  File "D:\screen_annotator\app\application.py", line 452, in <lambda>
    "tool_text": lambda: self.set_tool("text"),
                         ~~~~~~~~~~~~~^^^^^^^^
  File "D:\screen_annotator\app\application.py", line 296, in set_tool
    self.tools[name].on_activate()
    ^^^^^^^^^^^^^^^^^^^^^^^^^^^^
AttributeError: 'TextTool' object has no attribute 'on_activate'. Did you mean: 'on_deactivate'?
2026-08-29 23:43:49 INFO    app.windows_api: Low-level keyboard hook installed
2026-08-29 23:43:49 INFO    app.text_tool: Text input started at (425, 155)
2026-08-29 23:43:49 INFO    app.hotkeys: Annotation mode hotkeys released
2026-08-29 23:43:51 INFO    app.windows_api: Low-level keyboard hook removed
2026-08-29 23:43:51 INFO    app.text_tool: Text input finished (committed=False)
2026-08-29 23:43:51 INFO    app.hotkeys: Annotation mode hotkeys enabled
2026-08-29 23:43:52 DEBUG   app.application: Tool selected: box
2026-08-29 23:43:54 DEBUG   app.box_tool: Box committed 822.0x110.0
